simulation_id,timestamp,target_url,context_length,num_turns,seller_total_words,buyer_total_words,seller_avg_words_per_turn,buyer_avg_words_per_turn,seller_max_words,buyer_max_words,seller_min_words,buyer_min_words,word_ratio_seller_buyer,total_conversation_length,score,outcome_binary,outcome_label,objection_type,source
43290c94-50b8-418e-b69a-fe7a0f601def,2026-02-08T13:04:57.026424,https://deepmostai.com,1510,3,254,174,63.5,58.0,84,59,43,57,1.46,428,5,1,Success,Unknown,interactive
752c57c7-3f4b-4f17-860e-174c717bb689,2026-02-08T13:05:17.121356,https://stripe.com,3000,3,282,159,94.0,53.0,117,60,74,45,1.77,441,5,1,Success,Unknown,interactive
7b97d187-c4d2-45f7-befa-b00dfed4e88a,2026-02-08T23:24:18.907347,https://www.zoho.com/,3000,4,163,149,40.75,37.25,51,48,21,33,1.09,312,9,1,Success,Price,interactive
f8c7a6c3-65d5-42af-aebc-86c02028eb53,2026-02-11T13:48:02.016120,https://www.apollo.io/,3000,4,181,119,45.25,29.75,56,39,21,24,1.52,300,6,0,Pending,Integration/Vendor Lock-in,interactive
ff7f940f-c730-48fa-a195-10c060b068a0,2026-02-11T13:51:23.910688,https://www.google.com/,363,4,200,148,50.0,37.0,69,43,21,26,1.35,348,6,1,Success,Price,interactive
e04242f3-b038-4f9f-b949-11e4f8334281,2026-02-11T14:16:10.465177,https://www.dropbox.com/,3000,4,257,256,64.25,64.0,93,72,21,46,1.0,513,6,0,Failure,Price,interactive
e08a64bc-ac5c-4989-ba3b-e678bf5fac08,2026-02-11T15:22:28.301255,https://www.apple.com/,1602,4,266,298,66.5,74.5,86,81,21,68,0.89,564,6,0,Failure,Price,interactive
be9b60d5-a54e-456f-a413-54b55dc1eec5,2026-02-11T15:29:56.395644,https://www.sap.com,205,3,278,157,69.5,52.33,86,58,53,47,1.77,435,5,1,Success,Unknown,interactive
cd370073-2cee-4092-ad55-fa8445a1986a,2026-02-16T12:45:52.762621,https://www.myntra.com/,262,4,249,274,62.25,68.5,82,81,21,55,0.91,523,6,0,Failure,Price,interactive
24e246cc-7936-4082-8eb5-e59140329220,2026-02-16T12:50:19.531607,https://www.flipkart.com/,3000,4,255,271,63.75,67.75,86,85,21,52,0.94,526,4,0,Failure,Price,interactive
8459130f-233f-4a73-977b-8a960c762b28,2026-02-16T17:14:47.415836,https://www.crowdstrike.com,3000,3,288,132,72.0,44.0,79,53,58,31,2.18,420,5,1,Success,Unknown,interactive
b7625829-fd1c-4be6-a2ea-a339d55d5843,2026-02-16T17:37:24.062875,https://carla.org/,3000,4,250,265,62.5,66.25,83,89,21,41,0.94,515,6,0,Failure,Price,interactive
21970d15-e9af-4edd-b341-dbdf7eec3c33,2026-02-17T17:44:46.104303,https://www.zapier.com,3000,4,309,151,77.25,37.75,95,42,53,28,2.05,460,5,1,Success,Unknown,interactive
a92a1b42-fb0a-4e10-8394-bba3dba3738c,2026-02-19T15:56:02.873868,https://www.linode.com,143,4,247,168,61.75,42.0,80,57,38,20,1.47,415,2,0,Failure,Authority,batch_v2
e73b0d5d-091b-45f7-8427-40ea18c9b720,2026-02-19T16:07:50.572974,https://www.mysql.com,460,4,221,151,55.25,37.75,67,56,36,16,1.46,372,5,0,Pending,Unknown,batch_v2
7da5cbf8-a422-4116-b00b-976464643ad2,2026-02-19T16:07:53.100825,https://www.linode.com,144,3,166,150,55.33,37.5,59,45,53,32,1.11,316,3,0,Failure,Timing,batch_v2
6ac132c6-20f1-4f77-ba73-1222175bd6b5,2026-02-19T16:08:12.365011,https://www.vultr.com,3000,3,225,185,75.0,46.25,86,51,62,36,1.22,410,3,0,Failure,Competitors,batch_v2
08b7a213-5d8d-4ff8-80f1-74334e11857d,2026-02-19T16:08:29.165333,https://www.hetzner.com,3000,3,225,145,75.0,36.25,80,49,71,14,1.55,370,2,0,Failure,None,batch_v2
ec7a2c5e-8df4-4b3c-9402-5d449fac19b0,2026-02-19T16:08:45.652747,https://www.ovhcloud.com,3000,4,265,180,66.25,45.0,92,63,30,31,1.47,445,4,0,Pending,Timing,batch_v2
26961341-5272-4df8-8bc0-e8599da94e7a,2026-02-19T16:09:03.093494,https://www.nginx.com,3000,4,315,180,78.75,45.0,106,55,57,31,1.75,495,3,0,Failure,Timing,batch_v2
fcfca8ac-5b29-45a3-83bf-ddb48935399c,2026-02-19T16:09:18.686630,https://www.apache.org,3000,4,285,212,71.25,53.0,79,74,54,40,1.34,497,2,0,Failure,Timing,batch_v2
f9c56612-ab1c-4dd8-b5c4-be3c94c64708,2026-02-19T16:09:34.533107,https://www.mysql.com,460,3,251,184,62.75,61.33,85,85,14,49,1.36,435,3,0,Failure,Timing,batch_v2
e594dae4-22d3-46d1-87b1-ca12abf2604d,2026-02-19T16:09:51.486042,https://www.postgresql.org,3000,4,215,140,53.75,35.0,77,47,21,20,1.54,355,3,0,Failure,Timing,batch_v2
794cde55-b601-4098-a9ed-bec99ad821bf,2026-02-19T16:10:07.241047,https://www.jenkins.io,3000,4,288,154,72.0,38.5,98,55,51,25,1.87,442,2,0,Failure,Timing,batch_v2
26a30448-04ce-40ce-ba83-113d7c91ac86,2026-02-19T16:10:23.555564,https://www.docker.com,3000,4,294,170,73.5,42.5,88,58,58,32,1.73,464,3,0,Failure,Timing,batch_v2
76d7b1a8-47e8-4105-a7ca-54dae2228a34,2026-02-19T16:12:36.912010,https://www.kubernetes.io,3000,4,269,203,67.25,50.75,82,67,52,33,1.33,472,5,0,Pending,Unknown,batch_v2
7b739565-ec2f-43d4-8714-b3213e2d981f,2026-02-19T16:18:49.479984,https://www.terraform.io,2813,4,220,178,55.0,44.5,62,63,43,28,1.24,398,5,0,Pending,Unknown,batch_v2
91a4d9ad-29cc-46b9-b396-6a8e149a14c4,2026-02-19T16:29:29.007087,https://www.confluence.com,3000,4,266,194,66.5,48.5,85,69,47,32,1.37,460,5,0,Pending,Unknown,batch_v2
d042d62f-3da8-4de1-a67e-0049b109c68e,2026-02-19T16:37:21.914465,https://www.g2.com,50,4,206,166,51.5,41.5,63,61,41,22,1.24,372,5,0,Pending,Unknown,batch_v2
941ca33d-815e-43c1-9af7-978fd1143f98,2026-02-19T16:43:16.809634,https://www.trustradius.com,58,4,198,177,49.5,44.25,60,61,41,35,1.12,375,5,0,Pending,Unknown,batch_v2
e2cc7f8a-c40f-4dea-90cf-24712ac3626a,2026-02-19T16:50:11.555880,https://www.gusto.com,58,4,203,129,50.75,32.25,67,49,38,8,1.57,332,5,0,Pending,Unknown,batch_v2
98aa382a-27db-4afe-bfb0-cddac0078576,2026-02-20T23:50:29.652002,https://www.salesforce.com,3000,5,225,157,45.0,31.4,52,50,37,8,1.43,382,4,0,Failure,Integration,batch_v2
09f8efdc-19de-42ad-b0a7-9bc5a22c09b6,2026-02-20T23:50:37.718568,https://www.hubspot.com,3000,4,266,155,66.5,38.75,71,56,60,31,1.72,421,4,0,Failure,Timing,batch_v2
356d4d2c-0860-433a-b344-5f2afb7da77a,2026-02-20T23:50:43.748317,https://www.freshworks.com,3000,4,184,118,46.0,29.5,52,46,42,8,1.56,302,2,0,Failure,Timing,batch_v2
4e496648-f863-4a36-aaf8-76150a2a1a0f,2026-02-20T23:50:51.456346,https://www.monday.com,3000,5,250,150,50.0,30.0,63,47,42,8,1.67,400,2,0,Failure,Timing,batch_v2
c7013421-e701-4371-b3cc-13a8cd48212e,2026-02-20T23:50:58.511950,https://www.clickup.com,3000,4,238,163,59.5,40.75,69,47,56,26,1.46,401,2,0,Failure,Timing,batch_v2
79cce17c-c41a-4a9a-8598-8cc8dcf01ddf,2026-02-20T23:51:05.273859,https://www.atlassian.com,3000,5,255,203,51.0,40.6,63,60,27,24,1.26,458,4,0,Failure,Authority,batch_v2
8b688d56-95c7-4e31-a2cf-0af0664575cf,2026-02-20T23:51:12.912322,https://www.slack.com,3000,5,265,185,53.0,37.0,71,66,40,6,1.43,450,4,0,Failure,Timing,batch_v2
558ff522-9282-4a1f-b612-a2471fd300c4,2026-02-20T23:51:19.776177,https://www.datadoghq.com,3000,4,227,153,56.75,38.25,60,48,53,20,1.48,380,2,0,Failure,Timing,batch_v2
289aad11-eaac-4354-ba29-d2466ff1edd5,2026-02-20T23:51:26.124847,https://www.newrelic.com,3000,4,213,191,53.25,47.75,63,58,43,39,1.12,404,2,0,Failure,Timing,batch_v2
0a775ce9-58b7-498e-9333-7e1bf07ae6e1,2026-02-20T23:51:34.399807,https://www.splunk.com,3000,4,226,128,56.5,32.0,70,47,32,6,1.77,354,2,0,Failure,Timing,batch_v2
37875aa2-e79c-4bf2-b5c6-c6af55be85a2,2026-02-20T23:51:42.049910,https://www.cloudflare.com,3000,4,203,158,50.75,39.5,61,62,37,8,1.28,361,4,0,Failure,Timing,batch_v2
aa59ee0d-e405-4faf-a4cb-72d626204c08,2026-02-20T23:51:49.625686,https://www.okta.com,3000,4,234,177,58.5,44.25,74,65,37,28,1.32,411,2,0,Failure,Timing,batch_v2
3ac2bc52-bf4e-4193-a59a-e9024923197e,2026-02-20T23:51:56.243040,https://www.digitalocean.com,3000,4,274,166,68.5,41.5,85,53,58,27,1.65,440,2,0,Failure,Timing,batch_v2
2f4b3d43-3e5c-4dff-a9b5-115e48d194e0,2026-02-20T23:52:04.150330,https://www.scaleway.com,3000,4,239,165,59.75,41.25,76,57,38,18,1.45,404,2,0,Failure,Integration,batch_v2
2cd10862-4cea-4406-8c8e-776416b43794,2026-02-20T23:52:12.145983,https://www.mongodb.com,3000,5,277,165,55.4,33.0,76,52,34,6,1.68,442,2,0,Failure,Authority,batch_v2
4e12b5b8-33c6-47fb-ab40-bc1441033a3f,2026-02-20T23:52:18.819915,https://www.snowflake.com,760,4,220,133,55.0,33.25,64,46,42,18,1.65,353,2,0,Failure,Timing,batch_v2
4a609480-f4ee-40a9-91a8-440f08b3044c,2026-02-20T23:52:28.966853,https://www.twilio.com,3000,4,215,151,53.75,37.75,68,50,41,29,1.42,366,4,0,Failure,Timing,batch_v2
44b68547-b07a-44e2-8d63-650330c34a8e,2026-02-20T23:52:46.631645,https://www.sendgrid.com,3000,4,259,162,64.75,40.5,76,57,43,24,1.6,421,2,0,Failure,Timing,batch_v2
173b5e5a-39b6-4615-a0b8-8b2d62a4e956,2026-02-20T23:52:59.927964,https://www.mailchimp.com,3000,4,212,148,53.0,37.0,66,63,39,24,1.43,360,4,0,Failure,Timing,batch_v2
16589710-88a2-44eb-9d92-4f770d4a9f5b,2026-02-20T23:53:10.761596,https://www.intercom.com,31,4,197,164,49.25,41.0,59,49,40,34,1.2,361,2,0,Failure,Timing,batch_v2
a7f48517-8ea7-41c8-b903-af268e1770ff,2026-02-20T23:53:17.475626,https://www.zendesk.com,3000,4,234,183,58.5,45.75,65,56,45,29,1.28,417,2,0,Failure,None,batch_v2
8df3d337-59b2-4784-8405-ede135605143,2026-02-20T23:53:25.568396,https://www.pendo.io,3000,5,206,135,41.2,27.0,50,54,30,8,1.53,341,4,0,Failure,Timing,batch_v2
e71b1dd7-310e-46b8-ac8b-98749d8e6dc3,2026-02-20T23:53:33.044172,https://www.gong.io,3000,4,235,174,58.75,43.5,66,61,55,23,1.35,409,2,0,Failure,Timing,batch_v2
ea202653-77f8-4d3b-b99f-3d2f8126378c,2026-02-20T23:53:41.146548,https://www.zoominfo.com,3000,4,251,150,62.75,37.5,66,48,60,24,1.67,401,2,0,Failure,Timing,batch_v2
6c657ed4-2b8e-4857-a2c8-a40eadfcddc4,2026-02-20T23:53:49.596227,https://www.lusha.com,3000,4,241,189,60.25,47.25,76,67,53,32,1.28,430,4,0,Failure,Timing,batch_v2
89b004ec-b7af-422f-bf72-65db68c80860,2026-02-20T23:53:56.234760,https://www.cognism.com,3000,5,260,156,52.0,31.2,72,53,33,12,1.67,416,4,0,Failure,Authority,batch_v2
2c89b384-7a32-4212-b37e-829970ba4792,2026-02-20T23:54:02.833262,https://www.6sense.com,58,4,209,169,52.25,42.25,65,70,38,8,1.24,378,4,0,Failure,Timing,batch_v2
9ca39641-811e-4d95-9561-d26f9d6f7c01,2026-02-20T23:54:13.001976,https://www.demandbase.com,3000,5,247,141,49.4,28.2,80,51,19,12,1.75,388,2,0,Failure,Timing,batch_v2
e6b3d59f-1b14-46a3-b45d-3dbe607f276f,2026-02-20T23:54:23.432063,https://www.shopify.com,3000,4,255,200,63.75,50.0,85,71,38,35,1.27,455,2,0,Failure,Timing,batch_v2
441c9e5f-764f-44a7-af17-ec10fc52351c,2026-02-20T23:54:32.968132,https://www.bigcommerce.com,3000,4,175,129,43.75,32.25,53,40,38,22,1.36,304,2,0,Failure,Timing,batch_v2
1b21d112-0509-4c59-99f7-382791c8342f,2026-02-21T15:07:49.545107,https://www.demandbase.com,3000,5,208,171,41.6,34.2,48,53,36,8,1.22,379,4,0,Failure,Timing,batch_v2
5f03bd38-94aa-4d2a-943b-3ce5a04fb6af,2026-02-21T15:07:57.124504,https://www.6sense.com,58,4,246,223,61.5,55.75,77,73,43,32,1.1,469,4,0,Failure,Integration,batch_v2
ed1cd722-3cce-4a94-b5a0-00ecf18dbe97,2026-02-21T15:08:03.689863,https://www.demandbase.com,3000,5,299,225,59.8,45.0,67,57,43,25,1.33,524,4,0,Failure,Price,batch_v2
0a71ad9e-c1e6-47fd-bcc1-e73c6a293356,2026-02-21T15:08:10.315863,https://www.cognism.com,3000,4,209,228,52.25,57.0,61,63,43,52,0.92,437,4,0,Failure,Timing,batch_v2
0bd6e08c-198e-4f08-9851-e36c19c0a4ed,2026-02-21T15:08:17.774021,https://www.lusha.com,3000,4,269,133,67.25,33.25,89,40,49,24,2.02,402,8,1,Success,Price,batch_v2
3685d34c-e350-4025-aaa6-22e3fb15f3e7,2026-02-21T15:08:25.142988,https://www.seamless.ai,3000,4,233,202,58.25,50.5,71,58,34,35,1.15,435,4,0,Failure,Timing,batch_v2
c8fbe95f-df2a-4a34-ba91-b6418c828f92,2026-02-21T15:08:31.560000,https://www.uplead.com,3000,4,196,188,49.0,47.0,66,75,32,14,1.04,384,4,0,Failure,Price,batch_v2
4fe95e96-44fd-4bb2-88cd-6670b56722df,2026-02-21T15:08:42.050191,https://www.lead411.com,3000,4,201,186,50.25,46.5,62,49,42,41,1.08,387,4,0,Failure,Price,batch_v2
f7574c9d-31f7-4548-81fd-92be10b44b41,2026-02-21T15:08:49.110349,https://www.clearbit.com,1888,5,324,148,64.8,29.6,80,49,40,12,2.19,472,8,1,Success,Integration,batch_v2
c68dc72b-a1dc-4690-8ebc-afb72841cb28,2026-02-21T15:08:57.896001,https://www.bombora.com,3000,4,208,180,52.0,45.0,57,51,46,34,1.16,388,4,0,Failure,Authority,batch_v2
5cf56e5d-7f54-4001-ad5f-895ca98a0691,2026-02-21T15:09:05.419523,https://www.advent.com,2743,4,240,242,60.0,60.5,77,75,33,41,0.99,482,2,0,Failure,Timing,batch_v2
a2fb1522-356d-496f-865a-cd4d709ec320,2026-02-21T15:09:14.108217,https://www.adyen.com,2738,5,245,140,49.0,28.0,63,42,31,17,1.75,385,8,1,Success,Integration,batch_v2
349ec69e-d6d3-413a-ad2f-8feebc040b8c,2026-02-21T15:09:22.720535,https://www.plaid.com,2708,4,259,240,64.75,60.0,87,84,37,43,1.08,499,4,0,Failure,Timing,batch_v2
154ce916-d0b9-4802-8e1c-4bba37368221,2026-02-21T15:09:30.439166,https://www.ramp.com,3000,4,191,205,47.75,51.25,56,58,30,47,0.93,396,4,0,Failure,Price,batch_v2
fb068f30-3ac3-4bd2-b06d-1d9b2f21ffda,2026-02-21T15:09:37.271579,https://www.airwallex.com,3000,4,191,189,47.75,47.25,56,59,34,32,1.01,380,4,0,Failure,Integration,batch_v2
f94fcc8f-1437-42cb-9f27-057c048e2893,2026-02-21T15:09:44.336703,https://www.revolut.com,107,4,206,202,51.5,50.5,60,57,32,44,1.02,408,4,0,Failure,Timing,batch_v2
ffe34119-cefb-4a97-a249-c3ca6357c173,2026-02-21T15:09:51.053010,https://www.fiserv.com,814,4,217,193,54.25,48.25,67,55,42,31,1.12,410,4,0,Failure,Authority,batch_v2
3b8f6eab-fa2a-42ff-909f-398024cffd7e,2026-02-21T15:09:57.957076,https://www.dynatrace.com,3000,4,227,229,56.75,57.25,68,67,52,40,0.99,456,4,0,Failure,Integration,batch_v2
5fca6aa9-ae7e-4160-838a-c1e75d34ac3c,2026-02-21T15:10:05.425056,https://www.newrelic.com,3000,4,219,226,54.75,56.5,60,64,45,41,0.97,445,4,0,Failure,Price,batch_v2
ad3eeadf-dd9f-4f43-a6e4-9ed6966372b2,2026-02-21T15:10:12.988650,https://www.datadoghq.com,3000,4,222,231,55.5,57.75,63,68,48,40,0.96,453,4,0,Failure,Authority,batch_v2
8927da46-30e5-4e19-9196-53f598a5f170,2026-02-21T15:10:20.275459,https://www.grafana.com,3000,4,221,206,55.25,51.5,73,58,43,35,1.07,427,4,0,Failure,Integration,batch_v2
1ba5556f-0668-4e21-ab27-be61c9ead81a,2026-02-21T15:10:29.454162,https://www.elastic.co,2225,4,219,202,54.75,50.5,58,68,52,30,1.08,421,4,0,Failure,Integration,batch_v2
d580263a-652a-4977-91ee-7a54b5fd5ec6,2026-02-21T15:10:37.177104,https://www.pennylane.com,24,4,196,184,49.0,46.0,56,56,39,27,1.07,380,4,0,Failure,Timing,batch_v2
30df7d7b-52f4-4549-a1a0-58f1d71a03a2,2026-02-21T15:10:47.243445,https://www.bigcommerce.com,3000,4,230,208,57.5,52.0,66,62,53,37,1.11,438,4,0,Failure,Price,batch_v2
2a94fb21-9cf2-4858-8293-57ce2fa6fbf6,2026-02-21T15:10:57.750192,https://www.woocommerce.com,3000,5,302,151,60.4,30.2,92,45,23,10,2.0,453,8,1,Success,Integration,batch_v2
4aef7258-1974-4f4d-845e-d4e56ae81b6c,2026-02-21T15:11:07.662997,https://www.wix.com,3000,4,223,237,55.75,59.25,67,74,43,35,0.94,460,4,0,Failure,Authority,batch_v2
fdc6030b-8fca-4c5e-ae94-4faa763ecf25,2026-02-21T15:11:18.014529,https://www.squarespace.com,3000,4,231,216,57.75,54.0,69,65,41,23,1.07,447,4,0,Failure,Timing,batch_v2
28f06874-3c35-447a-b8bd-cef2ba23d638,2026-02-21T15:11:28.538683,https://www.webflow.com,3000,5,291,128,58.2,25.6,67,32,53,19,2.27,419,8,1,Success,Authority,batch_v2
6673b6a1-5504-4ad8-a91d-7a5f35b2cf17,2026-02-21T15:11:38.824737,https://www.morpheusdata.com,3000,5,293,146,58.6,29.2,76,41,47,21,2.01,439,8,1,Success,Integration,batch_v2
174dcb12-a1ad-4300-b198-d2d34e836f5c,2026-02-21T15:24:52.322760,https://www.auth0.com,3000,4,207,216,51.75,54.0,61,70,42,33,0.96,423,4,0,Failure,Integration,batch_v2
1e76da43-717c-482b-af1a-d2f0e85062b6,2026-02-21T15:25:00.804003,https://www.segment.com,3000,5,272,148,54.4,29.6,65,37,45,20,1.84,420,8,1,Success,Integration,batch_v2
32729390-4342-457b-a0c2-47d7ee305250,2026-02-21T15:25:07.018500,https://www.fivetran.com,3000,5,327,186,65.4,37.2,86,46,53,32,1.76,513,8,1,Success,Integration,batch_v2
68f920ef-7345-4127-827f-58afaa0202ce,2026-02-21T15:25:13.745569,https://www.dbtlabs.com,3000,4,233,216,58.25,54.0,69,71,50,30,1.08,449,4,0,Failure,Timing,batch_v2
9ade6f9b-6ee3-488b-ac9b-678086fdf5d4,2026-02-21T15:25:21.255992,https://www.airtable.com,3000,4,258,210,64.5,52.5,76,64,56,48,1.23,468,2,0,Failure,Timing,batch_v2
834d2029-bf26-41a8-acbf-e65bf0095c86,2026-02-21T15:25:29.041590,https://www.notion.so,3000,5,198,180,39.6,36.0,50,58,30,19,1.1,378,4,0,Failure,Price,batch_v2
6b1c1486-ab38-4acb-8ae7-3fa7ce2d0fc7,2026-02-21T15:25:35.058716,https://www.loom.com,3000,4,237,216,59.25,54.0,64,63,54,49,1.1,453,4,0,Failure,Integration,batch_v2
504030d3-7728-4d6b-80f9-f8c64d497959,2026-02-21T15:25:43.333271,https://www.gitlab.com,2823,4,191,171,47.75,42.75,57,52,36,33,1.12,362,4,0,Failure,Price,batch_v2
8ed0cfe9-8aef-4749-a496-742c21720bd8,2026-02-21T15:36:15.602525,https://www.sumologic.com,3000,5,286,128,57.2,25.6,78,41,30,21,2.23,414,5,0,Pending,Unknown,batch_v2
14d997c7-6333-4cd7-ace0-b2813356f7d6,2026-02-21T15:42:05.730397,https://www.akamai.com,206,4,242,186,60.5,46.5,72,60,50,35,1.3,428,5,0,Pending,Unknown,batch_v2
46ed1c44-20e6-4bf8-98a2-0b6bb3b55151,2026-02-21T15:48:26.348756,https://www.onfido.com,755,4,234,209,58.5,52.25,75,63,36,36,1.12,443,5,0,Pending,Unknown,batch_v2
c09d6698-8c7c-413c-90a8-1e2cbe272511,2026-02-21T15:58:00.710955,https://www.navan.com,3000,4,198,184,49.5,46.0,57,60,43,34,1.08,382,5,0,Pending,Unknown,batch_v2
06265807-3c73-49f7-b3f1-e74329fef2c0,2026-02-23T00:43:55.669401,https://www.pipedrive.com,3000,4,217,230,54.25,57.5,60,63,43,48,0.94,447,2,0,Failure,Integration,batch_v2
0670fb9a-ca1d-489a-a340-2ed2ea21edc8,2026-02-23T00:44:02.984951,https://www.salesloft.com,3000,4,221,193,55.25,48.25,63,66,50,28,1.15,414,4,0,Failure,Timing,batch_v2
a0d974f5-0cb1-42d3-93f8-633c13922992,2026-02-23T00:44:09.370084,https://www.outreach.io,3000,4,239,254,59.75,63.5,75,71,44,53,0.94,493,4,0,Failure,Price,batch_v2
04c61545-47f5-4ad5-8834-37f8f9938f6f,2026-02-23T00:44:16.230451,https://www.clari.com,3000,4,233,257,58.25,64.25,71,78,49,35,0.91,490,2,0,Failure,Timing,batch_v2
174c6b71-0499-41f3-a71d-eee0dc365adf,2026-02-23T00:44:23.464240,https://www.highspot.com,3000,4,225,201,56.25,50.25,65,57,42,34,1.12,426,4,0,Failure,Timing,batch_v2
bed1359e-c3f3-4fe3-b14e-37fdf7fd53a6,2026-02-23T00:44:30.232023,https://www.seismic.com,3000,4,216,196,54.0,49.0,61,68,51,32,1.1,412,4,0,Failure,Timing,batch_v2
b32acf19-2f97-41c5-97a8-011a6b3fbeac,2026-02-23T00:44:36.422189,https://www.chilipiper.com,3000,5,216,181,43.2,36.2,58,50,33,14,1.19,397,4,0,Failure,Timing,batch_v2
655839ab-7f98-405f-98d2-b905c2fade31,2026-02-23T00:44:43.263506,https://www.qualified.com,3000,4,206,191,51.5,47.75,68,55,41,31,1.08,397,4,0,Failure,Authority,batch_v2
81859d37-162d-4c44-b869-6dbd689d8141,2026-02-23T00:44:49.529735,https://www.drift.com,68,4,223,180,55.75,45.0,70,53,41,36,1.24,403,4,0,Failure,Price,batch_v2
1fa8b397-7640-4ec1-b400-e0217d9151e8,2026-02-23T00:44:55.809021,https://www.customer.io,3000,4,254,224,63.5,56.0,73,72,52,38,1.13,478,4,0,Failure,Integration,batch_v2
44dbceb6-cca3-4527-bdb0-3cd07d35c8ba,2026-02-23T00:45:03.241320,https://www.braze.com,3000,4,223,217,55.75,54.25,76,64,37,41,1.03,440,4,0,Failure,Competitors,batch_v2
906b608e-91a9-4f66-9d68-ae78a46587d5,2026-02-23T00:45:10.092057,https://www.sproutsocial.com,2740,4,202,171,50.5,42.75,53,54,45,23,1.18,373,4,0,Failure,Competitors,batch_v2
e7b0a4c9-481b-4e52-b61b-ed95c8d579f9,2026-02-23T00:45:16.443173,https://www.hootsuite.com,3000,4,235,197,58.75,49.25,64,60,55,39,1.19,432,4,0,Failure,Budget/Timing,batch_v2
3cf055fe-a97c-4115-babb-167abfafc671,2026-02-23T00:45:24.651258,https://www.brandwatch.com,3000,4,216,221,54.0,55.25,62,78,43,35,0.98,437,4,0,Failure,Authority,batch_v2
e6e79421-a2f9-4b4f-b206-8fa7ff7a3267,2026-02-23T00:45:31.076721,https://www.meltwater.com,2182,4,212,192,53.0,48.0,56,70,48,23,1.1,404,4,0,Failure,Competitors,batch_v2
e120de67-7eae-4e6c-aefb-7da93a2cc4ce,2026-02-23T00:45:37.428169,https://www.fivetran.com,3000,4,253,204,63.25,51.0,71,64,59,37,1.24,457,4,0,Failure,Authority,batch_v2
395a5da2-c7d0-4f2b-b4cf-c7f434a4a3d2,2026-02-23T00:45:43.975214,https://www.dbtlabs.com,3000,4,225,227,56.25,56.75,59,66,54,37,0.99,452,4,0,Failure,Timing,batch_v2
cebad897-04b9-47fc-a90b-79daf8693a55,2026-02-23T00:45:53.195842,https://www.starburst.io,3000,4,200,211,50.0,52.75,64,65,32,37,0.95,411,2,0,Failure,Authority,batch_v2
738d1bdd-7f58-423a-8abf-084306bf1130,2026-02-23T00:46:02.885474,https://www.confluent.io,3000,4,227,160,56.75,40.0,68,46,41,31,1.42,387,7,1,Success,Integration,batch_v2
f421af3e-6934-4f2b-9bee-fceed95ac288,2026-02-23T00:46:13.001229,https://www.cloudera.com,3000,4,235,220,58.75,55.0,73,61,47,47,1.07,455,4,0,Failure,Authority,batch_v2
3567d0a8-3708-486d-a9ce-d8dd30cd6ad5,2026-02-23T00:46:21.138552,https://www.pennylane.com,24,4,185,232,46.25,58.0,64,80,28,37,0.8,417,2,0,Failure,Timing,batch_v2
b942dac8-887e-4c18-a3b7-b8efb6b8a928,2026-02-23T00:46:32.784287,https://www.ramp.com,3000,5,238,230,47.6,46.0,57,61,26,27,1.03,468,4,0,Failure,Timing,batch_v2
4ed8bb4c-6010-4f74-a695-1454278bd501,2026-02-23T00:46:42.296453,https://www.brex.com,3000,4,253,142,63.25,35.5,84,42,48,22,1.78,395,8,1,Success,Integration,batch_v2
fd586dcf-d229-4524-9d99-0f7e18d74220,2026-02-23T00:46:53.185473,https://www.navan.com,3000,5,264,170,52.8,34.0,63,38,41,27,1.55,434,8,1,Success,Price,batch_v2
46777ccd-e59c-4e28-b1c6-c4101a4d1272,2026-02-23T00:47:03.582084,https://www.deel.com,3000,4,256,228,64.0,57.0,83,66,51,44,1.12,484,4,0,Failure,Price,batch_v2
0514610b-1dcb-4496-85af-dfcf8428537c,2026-02-23T00:47:12.806315,https://www.remote.com,3000,4,186,211,46.5,52.75,58,60,42,38,0.88,397,4,0,Failure,Authority,batch_v2
c6f2b8d6-0664-4e57-9bc5-8317898ecb2e,2026-02-23T00:47:23.200245,https://www.veriff.com,3000,5,246,218,49.2,43.6,67,58,29,30,1.13,464,4,0,Failure,Price,batch_v2
2e560e4d-9107-44c8-ada4-73f236b999fa,2026-02-23T00:47:32.004958,https://www.onfido.com,756,4,230,210,57.5,52.5,70,69,31,41,1.1,440,2,0,Failure,Timing,batch_v2
c75244ac-4e75-4c50-bbf3-d320f7868cde,2026-02-23T00:47:41.434069,https://www.snyk.io,3000,4,182,206,45.5,51.5,52,56,39,41,0.88,388,4,0,Failure,Timing,batch_v2
1109c845-8122-4258-a31a-92ee43be0b7b,2026-02-23T00:47:51.767150,https://www.wiz.io,3000,4,199,230,49.75,57.5,56,75,47,40,0.87,429,4,0,Failure,Price,batch_v2
a41aac6b-4da6-481e-b341-4f20515fe1e5,2026-02-23T01:15:52.130463,https://www.paloaltonetworks.com,3000,4,207,245,51.75,61.25,64,70,45,52,0.84,452,4,0,Failure,Integration,batch_v2
49f8feff-3663-47de-b8e4-e25a23e51949,2026-02-23T01:15:58.670345,https://www.fortinet.com,3000,4,244,215,61.0,53.75,71,65,55,40,1.13,459,4,0,Failure,Integration,batch_v2
0c663d88-d8df-4c6b-a823-9b4fc72b3048,2026-02-23T01:16:04.866631,https://www.sentinelone.com,3000,4,215,254,53.75,63.5,61,79,46,43,0.85,469,4,0,Failure,Timing,batch_v2
f5505fd0-cf18-4094-bb5d-346cbdaf461a,2026-02-23T01:16:11.580488,https://www.darktrace.com,3000,4,213,222,53.25,55.5,60,66,43,30,0.96,435,4,0,Failure,Timing,batch_v2
92e543a7-48d4-4b97-8f0d-16d2959be594,2026-02-23T01:16:17.761620,https://www.checkpoint.com,3000,4,208,214,52.0,53.5,63,68,40,46,0.97,422,4,0,Failure,Timing,batch_v2
d0bcf064-f8b5-4302-9c23-0bf80db8977e,2026-02-23T01:16:34.805294,https://www.databricks.com,3000,4,228,232,57.0,58.0,62,65,51,41,0.98,460,4,0,Failure,Timing,batch_v2
3ff156bd-7c97-4e16-800b-4e54b4dc752f,2026-02-23T01:16:40.809020,https://www.palantir.com,28,4,222,191,55.5,47.75,72,59,44,22,1.16,413,4,0,Failure,Timing,batch_v2
81479eeb-8c43-416a-aad1-c491e0c60b89,2026-02-23T01:16:53.841097,https://www.dataiku.com,3000,4,192,189,48.0,47.25,69,63,28,34,1.02,381,2,0,Failure,Timing,batch_v2
8d3cf59f-360a-4186-8bd9-d4a0e9785c20,2026-02-23T01:17:00.141572,https://www.workday.com,3000,4,229,206,57.25,51.5,69,68,49,31,1.11,435,4,0,Failure,Price,batch_v2
3e139c38-b09c-44a5-990e-2ce36a0e415c,2026-02-23T01:17:16.446473,https://www.oracle.com,461,4,195,197,48.75,49.25,65,59,34,39,0.99,392,2,0,Failure,Timing,batch_v2
b4466968-8d70-408e-b6fd-17c599e6f72c,2026-02-23T01:17:22.400324,https://www.microsoft.com,251,4,180,207,45.0,51.75,54,65,33,40,0.87,387,2,0,Failure,Authority,batch_v2
62aa2408-94ad-4975-8177-9ff9510660e7,2026-02-23T01:17:30.242734,https://www.blueyonder.com,3000,4,287,182,71.75,45.5,98,54,46,34,1.58,469,8,1,Success,Timing,batch_v2
bc52fb8a-41bd-4c47-af1c-e2e60fc4f9c7,2026-02-23T01:17:37.369989,https://www.kinaxis.com,3000,4,235,214,58.75,53.5,81,74,41,28,1.1,449,4,0,Failure,Integration,batch_v2
31bac39a-e5ca-4748-a1a9-a4024a7a438e,2026-02-23T01:17:43.816076,https://www.fourkites.com,3000,4,184,208,46.0,52.0,58,63,38,45,0.88,392,4,0,Failure,Authority,batch_v2
4e0a050c-59b0-449c-8bb1-40dd187b9f3b,2026-02-23T01:17:51.355400,https://www.project44.com,3000,5,222,126,44.4,25.2,56,30,37,21,1.76,348,8,1,Success,Integration,batch_v2
dbca9efb-16b8-4331-96eb-5e7beb6e77bc,2026-02-23T01:17:57.463422,https://www.coupa.com,58,4,212,197,53.0,49.25,60,58,41,43,1.08,409,4,0,Failure,Price,batch_v2
6ab1e2cf-79fc-423c-849c-00ed41dcc7a7,2026-02-23T01:18:03.880379,https://www.o9solutions.com,3000,4,199,221,49.75,55.25,60,66,43,42,0.9,420,4,0,Failure,Timing,batch_v2
d155390f-6a37-4ca5-b167-d3024923d6f6,2026-02-23T01:18:10.010586,https://www.anaplan.com,3000,5,243,163,48.6,32.6,66,50,27,22,1.49,406,8,1,Success,Integration,batch_v2
2301b9c9-b54f-478c-9266-64c830fe1fda,2026-02-23T01:18:16.870480,https://www.manh.com,3000,5,259,139,51.8,27.8,62,41,43,5,1.86,398,8,1,Success,Price,batch_v2
b7ebc69a-9bc6-4b66-a7fc-0315a55ab9ac,2026-02-23T01:18:23.531997,https://www.infor.com,3000,4,212,232,53.0,58.0,64,73,47,47,0.91,444,4,0,Failure,Timing,batch_v2
352fa0f3-a97f-4b06-a380-89faa3cd23bd,2026-02-23T01:18:31.148989,https://www.epicor.com,3000,4,217,174,54.25,43.5,66,48,43,38,1.25,391,4,0,Failure,Price,batch_v2
669e0ae9-4955-4980-90b9-e88955c3e958,2026-02-23T01:18:37.570331,https://www.rippling.com,3000,5,202,221,40.4,44.2,53,71,25,31,0.91,423,4,0,Failure,Authority,batch_v2
31450b3b-1b7f-4319-ada8-000b2760f863,2026-02-23T01:23:45.992677,https://www.darwinbox.com,419,4,206,207,51.5,51.75,56,63,44,34,1.0,413,5,0,Pending,Unknown,batch_v2
8136b2b0-6aed-4f3e-aa74-bae28db08962,2026-02-23T01:40:31.021160,https://www.automationanywhere.com,3000,4,225,221,56.25,55.25,64,69,47,49,1.02,446,5,0,Pending,Unknown,batch_v2
c55744f6-74e8-4d4d-9f14-067f9549bdeb,2026-02-23T01:46:57.494763,https://www.uipath.com,3000,4,373,193,93.25,48.25,121,55,70,43,1.93,566,8,1,Success,Integration,batch_v2
c3cda077-ceb1-4119-9818-51f46505e205,2026-02-23T01:47:13.361103,https://www.bamboohr.com,3000,4,200,185,50.0,46.25,59,65,39,26,1.08,385,2,0,Failure,Timing,batch_v2
6918edfd-c9bc-47e6-9b0a-0c715bebf60d,2026-02-23T01:49:03.263517,https://www.chorus.ai,15,4,238,206,59.5,51.5,65,63,53,40,1.16,444,3,0,Failure,Timing,batch_v2
2dd3a034-6e1e-47d9-80f6-a2428611e706,2026-02-23T01:49:19.113940,https://www.leandata.com,3000,4,224,171,56.0,42.75,68,50,42,26,1.31,395,3,0,Failure,Competitors,batch_v2
2a723157-8049-4dcd-860d-513bf8335e3f,2026-02-23T01:49:34.588022,https://www.insightly.com,58,3,218,166,72.67,55.33,82,72,60,44,1.31,384,3,0,Failure,Timing,batch_v2
1e679d5f-aefe-41be-8b0f-7583986ce1bf,2026-02-23T01:49:51.805112,https://www.copper.com,3000,5,293,213,58.6,42.6,85,73,33,4,1.38,506,2,0,Failure,Price,batch_v2
ea2bb086-0e49-46d0-83b7-83c982e5a703,2026-02-23T01:50:09.147728,https://www.activecampaign.com,2564,5,278,227,55.6,45.4,70,64,32,21,1.22,505,3,0,Failure,Timing,batch_v2
fc6dc3c7-8cde-4f51-92e0-c202206751af,2026-02-23T01:50:26.488525,https://www.sendinblue.com,3000,4,203,165,50.75,41.25,67,63,28,23,1.23,368,2,0,Failure,Competitors,batch_v2
f6820c9c-817c-4139-b54b-83612cb02305,2026-02-23T01:50:44.261871,https://www.klaviyo.com,3000,4,232,176,58.0,44.0,75,69,35,12,1.32,408,2,0,Failure,Timing,batch_v2
69d029bd-20f0-45d7-a008-0a0462c3a387,2026-02-23T01:51:00.088534,https://www.attentive.com,3000,4,264,208,66.0,52.0,72,58,55,38,1.27,472,2,0,Failure,Timing,batch_v2
e292d46c-ecbd-43e4-b771-cdea70a889e9,2026-02-23T01:53:14.051145,https://www.hibob.com,3000,5,338,192,67.6,38.4,108,45,39,22,1.76,530,5,0,Pending,Unknown,batch_v2
c43e310e-1fa7-49e9-a484-d73bc3a5aeb4,2026-02-23T01:56:20.113193,https://www.personio.com,2365,3,172,191,57.33,47.75,67,55,41,31,0.9,363,5,0,Pending,Unknown,batch_v2
db4d8670-a50a-4458-b7a1-1f687e51151d,2026-02-23T13:11:52.666729,https://www.bentley.com,3000,3,198,160,66.0,53.33,71,69,57,39,1.24,358,3,0,Failure,Timing,batch_v2
d8b977cf-4180-41db-a69d-8ec1c505e43e,2026-02-24T13:24:03.872424,https://www.vmware.com,55,3,168,207,56.0,51.75,64,61,49,46,0.81,375,2,0,Failure,Competitors,dynamic_batch
39d58b53-4143-47c9-b76a-c02e7f369712,2026-02-24T13:24:22.354026,https://www.redhat.com,3000,4,246,216,61.5,54.0,78,61,43,40,1.14,462,3,0,Failure,Timing,dynamic_batch
6163ef0f-82f1-45aa-bfda-a6a488ad2311,2026-02-24T13:27:37.534049,https://www.ibm.com,3000,3,188,156,62.67,52.0,66,77,60,38,1.21,344,2,0,Failure,Competitors,dynamic_batch
067e9a36-867f-408a-a8b4-97958a3d774d,2026-02-24T13:28:14.910086,https://www.cisco.com,3000,5,289,116,57.8,23.2,68,35,38,7,2.49,405,9,1,Success,Integration/Cost,dynamic_batch
100bc6f0-d114-476f-9a15-b3b37e49fd62,2026-02-24T13:28:33.448187,https://www.hp.com,3000,3,197,234,65.67,58.5,71,60,63,56,0.84,431,2,0,Failure,Timing,dynamic_batch
ac8fe4d7-a8a4-4c3b-b5e1-126d3dd75918,2026-02-24T13:28:49.706842,https://www.dell.com,206,4,219,169,54.75,42.25,61,53,39,18,1.3,388,3,0,Failure,Timing,dynamic_batch
00726724-89ee-49b5-9cc0-993debd90567,2026-02-24T13:29:16.984529,https://www.broadcom.com,37,4,265,248,66.25,62.0,73,66,60,54,1.07,513,2,0,Failure,Timing,dynamic_batch
989405ad-67ee-4984-8600-8edcbd7a7eee,2026-02-24T13:29:33.818367,https://www.nvidia.com,3000,4,341,177,85.25,44.25,116,55,56,30,1.93,518,9,1,Success,Competitors,dynamic_batch
0f42a168-0851-4597-b4c7-8e666c65124c,2026-02-24T13:29:50.172456,https://www.amd.com,3000,4,275,133,68.75,33.25,98,44,41,27,2.07,408,8,1,Success,Competitors,dynamic_batch
44ed8850-73f2-4d95-8601-76efb297631b,2026-02-24T13:31:42.198642,https://www.lenovo.com,3000,3,138,150,46.0,37.5,51,52,37,26,0.92,288,2,0,Failure,Integration,dynamic_batch
2a8919f1-ca9a-4a28-a034-c7ce11922d3c,2026-02-24T13:31:59.034360,https://www.acquia.com,1414,4,238,218,59.5,54.5,69,70,53,45,1.09,456,3,0,Failure,Timing,dynamic_batch
11d02dc9-1596-47fe-b3f4-0f49d51a852c,2026-02-24T14:37:07.676633,https://www.quotient.com,3000,5,347,197,69.4,39.4,88,52,30,21,1.76,544,8,1,Success,Timing,dynamic_batch
76b6049c-fd37-4474-82b4-cb6f0f798a8a,2026-02-24T14:37:14.540433,https://www.talend.com,3000,4,242,120,60.5,30.0,70,40,54,22,2.02,362,8,1,Success,Integration,dynamic_batch
74cbcac7-1b70-409b-9b64-abe43b570049,2026-02-24T14:37:21.156922,https://www.sisense.com,3000,5,221,223,44.2,44.6,60,55,22,33,0.99,444,4,0,Failure,Timing,dynamic_batch
cb7a3875-aa86-4541-b59f-bda862486d1c,2026-02-24T14:37:27.545720,https://www.walkme.com,3000,4,298,170,74.5,42.5,96,53,64,36,1.75,468,8,1,Success,Integration,dynamic_batch
66a5b5a6-26bf-40b5-ad49-29bfcee29531,2026-02-24T14:37:34.194708,https://www.glassbox.com,3000,5,326,184,65.2,36.8,82,44,51,26,1.77,510,8,1,Success,Integration,dynamic_batch
99930693-271c-4132-b988-facbbd2a1752,2026-02-24T14:37:41.138281,https://www.appdynamics.com,3000,4,190,198,47.5,49.5,58,69,43,30,0.96,388,4,0,Failure,Timing,dynamic_batch
bec1a76a-eb45-46a1-940c-f4b0c6359050,2026-02-24T14:37:48.427135,https://www.nutanix.com,3000,4,211,222,52.75,55.5,58,66,50,38,0.95,433,4,0,Failure,Timing,dynamic_batch
9ab606ac-0153-4346-b04f-a2ff22725057,2026-02-24T14:37:54.836900,https://www.riverbed.com,3000,4,340,171,85.0,42.75,112,60,61,23,1.99,511,8,1,Success,Integration,dynamic_batch
ee60b09c-ac05-44fb-b84d-437d4802776d,2026-02-24T14:38:01.759846,https://www.asana.com,3000,4,196,248,49.0,62.0,67,85,33,43,0.79,444,2,0,Failure,Authority,dynamic_batch
da2cfe83-dc9b-4605-8da7-34a91a6105d4,2026-02-24T14:38:09.270524,https://www.calendly.com,2622,4,216,170,54.0,42.5,57,49,51,37,1.27,386,4,0,Failure,Price,dynamic_batch
29b3184b-6a10-4db9-9da1-cacdd995d0f1,2026-02-24T14:38:16.511352,https://www.trello.com,3000,4,206,200,51.5,50.0,65,60,34,28,1.03,406,4,0,Failure,Timing,dynamic_batch
f9a30109-4e0a-46ee-89bb-7f6fc2142bc2,2026-02-24T14:38:22.963911,https://www.smartsheet.com,3000,4,198,212,49.5,53.0,63,65,42,45,0.93,410,4,0,Failure,Authority,dynamic_batch
c8230811-b0d3-4dd3-aad2-50c1be3cc609,2026-02-24T14:38:29.936710,https://www.wrike.com,3000,4,216,183,54.0,45.75,63,57,41,28,1.18,399,4,0,Failure,Competitors,dynamic_batch
c302d7aa-3913-42ed-8d89-aceda970b1a1,2026-02-24T14:38:38.459411,https://www.miro.com,3000,4,251,203,62.75,50.75,77,60,46,32,1.24,454,4,0,Failure,Timing,dynamic_batch
1b5894ab-6faf-458f-9eaa-1af1b9033278,2026-02-24T14:38:47.079351,https://www.ceridian.com,3000,5,269,252,53.8,50.4,63,75,37,19,1.07,521,4,0,Failure,Integration,dynamic_batch
1f7589a9-6a92-469a-a753-9ac7e3809d3c,2026-02-24T14:38:54.537188,https://www.ukg.com,58,4,215,246,53.75,61.5,78,76,41,49,0.87,461,2,0,Failure,Timing,dynamic_batch
5bd8e1c1-c563-40bd-bb29-e80c73cae8bc,2026-02-24T14:39:03.756239,https://www.paycom.com,3000,4,165,177,41.25,44.25,48,56,31,38,0.93,342,4,0,Failure,Timing,dynamic_batch
95a75441-fc6d-4c66-922c-e8fa2a755f83,2026-02-24T14:39:12.763653,https://www.paycor.com,3000,4,204,201,51.0,50.25,68,60,40,32,1.01,405,4,0,Failure,Competitors,dynamic_batch
00a9e2af-606c-48f4-bef1-12e19430941d,2026-02-24T14:39:22.838978,https://www.bullhorn.com,3000,4,228,254,57.0,63.5,69,78,50,53,0.9,482,4,0,Failure,Integration,dynamic_batch
18ad119e-b4b9-4419-ae4c-34e233fc53eb,2026-02-24T14:39:32.503846,https://www.ceipal.com,3000,4,255,158,63.75,39.5,82,51,35,33,1.61,413,8,1,Success,Integration,dynamic_batch
cf98ecfc-e4ba-4e06-a2c3-60db40a265bc,2026-02-24T14:39:43.008855,https://www.egnyte.com,3000,4,231,248,57.75,62.0,73,79,43,44,0.93,479,4,0,Failure,Authority,dynamic_batch
acbe8369-79dc-4e6c-a883-938736d95e89,2026-02-24T14:39:53.565362,https://www.box.com,3000,5,216,211,43.2,42.2,56,59,25,25,1.02,427,4,0,Failure,Integration,dynamic_batch
8d1c6629-8c50-4913-9a00-9639186f8bc2,2026-02-24T14:40:01.880709,https://www.docusign.com,3000,4,199,177,49.75,44.25,55,54,43,27,1.12,376,4,0,Failure,Timing,dynamic_batch
506f3524-b818-41ca-a146-40349c5f83c2,2026-02-24T14:40:12.091538,https://www.evernote.com,2961,4,220,207,55.0,51.75,70,66,46,32,1.06,427,4,0,Failure,Timing,dynamic_batch
e71952fa-1c42-42e6-9de1-2cac6a31a866,2026-02-24T14:40:23.069445,https://www.dropboxbusiness.com,3000,5,257,213,51.4,42.6,58,67,44,28,1.21,470,4,0,Failure,Timing,dynamic_batch
dc55679d-fe72-4b17-90eb-dae45448cb40,2026-02-24T14:40:47.186446,https://www.mural.co,3000,4,225,225,56.25,56.25,68,66,44,47,1.0,450,4,0,Failure,Timing,dynamic_batch
8b9335cd-9686-4e75-9e61-0427e1b0dfbb,2026-02-24T14:40:53.786636,https://www.figma.com,2922,4,277,166,69.25,41.5,91,54,46,27,1.67,443,8,1,Success,Price,dynamic_batch
014d7e98-4a27-4860-914d-7c6bc29c9be8,2026-02-24T14:44:25.933952,https://www.acronis.com,3000,4,213,217,53.25,54.25,61,70,38,40,0.98,430,2,0,Failure,Authority,dynamic_batch
d9394234-7563-4bce-a258-85a82275b8f4,2026-02-24T14:44:32.311977,https://www.alation.com,3000,4,197,176,49.25,44.0,59,57,42,32,1.12,373,4,0,Failure,Integration,dynamic_batch
36ef27bd-0a5e-4f89-a90a-b56b1b6713cf,2026-02-24T14:44:39.629571,https://www.ansarada.com,3000,4,229,222,57.25,55.5,69,74,51,35,1.03,451,4,0,Failure,Timing,dynamic_batch
18352967-2522-4ef7-b577-adfe732d7a9b,2026-02-24T14:44:48.622163,https://www.apptio.com,3000,4,237,236,59.25,59.0,73,63,40,56,1.0,473,4,0,Failure,Price,dynamic_batch
bc7a68f3-f46e-4c70-89f1-842614bab7b6,2026-02-24T14:44:57.700605,https://www.blackline.com,3000,5,243,202,48.6,40.4,57,55,36,28,1.2,445,4,0,Failure,Price,dynamic_batch
7c325829-edd8-468d-a6a8-7ffdf5208d7d,2026-02-24T14:45:04.682002,https://www.cirrusinsight.com,3000,4,189,177,47.25,44.25,53,54,41,39,1.07,366,4,0,Failure,Price,dynamic_batch
911e54ec-910d-4be1-8d72-242e66eea242,2026-02-24T14:45:12.411079,https://www.collibra.com,3000,5,279,175,55.8,35.0,68,49,47,22,1.59,454,8,1,Success,Integration,dynamic_batch
f8e4fef5-ffe4-4819-98a8-00515316ca1c,2026-02-24T14:45:19.483892,https://www.corel.com,1542,4,193,233,48.25,58.25,54,66,39,49,0.83,426,4,0,Failure,Price,dynamic_batch
02a943fe-9c35-418c-adfd-138427917500,2026-02-24T14:45:27.957892,https://www.creatio.com,3000,4,238,228,59.5,57.0,76,75,43,41,1.04,466,4,0,Failure,Timing,dynamic_batch
880d07f7-8014-4cd3-833d-eb6bf7a76d63,2026-02-24T14:45:34.499996,https://www.dialpad.com,1271,4,219,211,54.75,52.75,63,63,37,43,1.04,430,2,0,Failure,Timing,dynamic_batch
73104585-0839-4398-9f67-0d3e5f0cf7eb,2026-02-24T14:45:43.367791,https://www.docuware.com,3000,4,229,189,57.25,47.25,69,75,41,27,1.21,418,4,0,Failure,Competitors,dynamic_batch
bde07484-d04a-49ae-95ea-e965f22584dd,2026-02-24T14:45:49.913388,https://www.e2open.com,3000,5,336,167,67.2,33.4,80,48,57,15,2.01,503,8,1,Success,Integration,dynamic_batch
1591928d-7ae1-4a8f-94c0-156b635bb521,2026-02-24T14:45:57.189447,https://www.ellucian.com,3000,5,238,241,47.6,48.2,59,56,34,28,0.99,479,4,0,Failure,Timing,dynamic_batch
2ec02620-5dcb-4691-ba09-67940ba4981c,2026-02-24T14:46:04.024879,https://www.ensono.com,3000,5,226,171,45.2,34.2,62,56,35,16,1.32,397,4,0,Failure,None,dynamic_batch
eabf7cf2-bc74-4c3d-bcf2-a0c2570c2d3a,2026-02-24T14:46:10.861506,https://www.everlaw.com,3000,5,277,124,55.4,24.8,66,32,44,18,2.23,401,8,1,Success,Authority,dynamic_batch
1f7a4ed0-2956-4132-a7c5-7192ac2454eb,2026-02-24T14:46:20.171194,https://www.exasol.com,3000,4,189,187,47.25,46.75,60,61,35,26,1.01,376,4,0,Failure,Integration,dynamic_batch
7fc3fe75-4a9b-4f93-a8f0-899b7f8e0293,2026-02-24T14:49:32.711025,https://www.agiloft.com,3000,4,242,237,60.5,59.25,76,70,49,51,1.02,479,4,0,Failure,Price,dynamic_batch
a47c5455-e2f6-4c2e-92b7-9d341a906ce8,2026-02-24T14:49:40.713993,https://www.amperity.com,3000,4,216,239,54.0,59.75,68,79,29,48,0.9,455,4,0,Failure,Competitors,dynamic_batch
5bb333ff-a956-4832-8246-0ee1eacce573,2026-02-24T14:49:48.208024,https://www.anodot.com,3000,4,205,192,51.25,48.0,63,60,45,37,1.07,397,4,0,Failure,Timing,dynamic_batch
b62faa88-fb12-44c3-9f2d-615c667e3eb9,2026-02-24T14:49:55.641153,https://www.applitools.com,3000,4,216,199,54.0,49.75,58,64,49,25,1.09,415,4,0,Failure,Timing,dynamic_batch
633b6943-81ca-4e75-bb8a-ad72e10003dd,2026-02-24T14:53:53.874977,https://www.arcadia.io,17,4,212,218,53.0,54.5,64,75,41,32,0.97,430,5,0,Pending,Unknown,dynamic_batch
888e6f1f-4278-4f6d-8b85-423371a895b3,2026-02-24T15:02:01.832100,https://www.axonius.com,1354,4,191,197,47.75,49.25,59,54,36,39,0.97,388,5,0,Pending,Unknown,dynamic_batch
71972c9b-8d07-47c6-a509-54fccde638b4,2026-02-24T15:11:36.533750,https://www.bond.tech,3000,4,190,210,47.5,52.5,53,57,45,47,0.9,400,5,0,Pending,Unknown,dynamic_batch
5d4d75c9-b45a-4a12-b786-f0ec8a019110,2026-02-26T12:30:22.837095,https://www.abetterlemonadestand.com,3000,5,260,133,52.0,26.6,67,34,44,24,1.95,393,8,1,Success,Authority,dynamic_batch
db9886fb-771e-489b-ab1c-914fbd3431ba,2026-02-26T12:30:30.687218,https://www.acctivate.com,3000,4,336,168,84.0,42.0,97,53,60,36,2.0,504,8,1,Success,Integration,dynamic_batch
448261a1-3622-4c5d-9219-6b4139070310,2026-02-26T12:30:37.326905,https://www.adam.ai,3000,4,165,178,41.25,44.5,47,59,37,20,0.93,343,2,0,Failure,Integration,dynamic_batch
d1f1fe48-7c15-430c-b003-2426e8ddc93c,2026-02-26T12:31:00.526828,https://www.aerojet.com,3000,5,279,236,55.8,47.2,72,62,37,33,1.18,515,4,0,Failure,Integration,dynamic_batch
efd2923b-6522-4315-b2e1-0a4b1666fb29,2026-02-26T12:31:08.911901,https://www.agari.com,48,4,218,209,54.5,52.25,65,62,42,45,1.04,427,4,0,Failure,Price,dynamic_batch
e0351590-979b-42e4-b2aa-04cdd2a49938,2026-02-26T12:31:17.040799,https://www.akeneo.com,3000,4,303,159,75.75,39.75,88,49,62,30,1.91,462,8,1,Success,Timing,dynamic_batch
9558e268-edd1-46b2-82fe-333b81bb8169,2026-02-26T12:31:25.335214,https://www.algolia.com,3000,4,207,219,51.75,54.75,61,75,42,30,0.95,426,4,0,Failure,Timing,dynamic_batch
513ed34f-945e-4994-8428-204764444903,2026-02-26T12:31:32.930146,https://www.americanexpress.com,3000,5,190,150,38.0,30.0,42,48,35,9,1.27,340,4,0,Failure,Price,dynamic_batch
ca13a363-20be-4819-84d5-0e0a2bf8d90b,2026-02-26T12:31:41.151388,https://www.apisec.io,3000,4,260,259,65.0,64.75,85,76,49,50,1.0,519,4,0,Failure,Authority,dynamic_batch
b0e471b4-14bd-4043-8104-928c3a1381a8,2026-02-26T12:31:48.440690,https://www.appian.com,3000,5,210,205,42.0,41.0,51,49,34,29,1.02,415,2,0,Failure,Timing,dynamic_batch
4b97de59-d29a-4055-bc05-f79120beee1d,2026-02-26T12:31:56.200627,https://www.arcserve.com,3000,4,201,204,50.25,51.0,60,64,34,39,0.99,405,4,0,Failure,Timing,dynamic_batch
778e6771-39cd-4c63-9370-9789e67edaa2,2026-02-26T12:32:04.268022,https://www.area1security.com,3000,5,217,244,43.4,48.8,65,76,21,23,0.89,461,4,0,Failure,Integration,dynamic_batch
9b935a99-3b3a-433f-bd21-0ba60dbfc5d0,2026-02-26T12:32:10.387119,https://www.armis.com,58,4,182,210,45.5,52.5,54,60,40,40,0.87,392,4,0,Failure,Price,dynamic_batch
f494b5e9-8083-4c39-8def-60f4a6bb6202,2026-02-26T12:32:17.113759,https://www.articulate.com,3000,4,186,200,46.5,50.0,55,60,39,40,0.93,386,4,0,Failure,Timing,dynamic_batch
f2b333b8-b742-4eb5-88dc-9fca2f9f2d96,2026-02-26T12:32:23.424066,https://www.asknicely.com,3000,5,253,146,50.6,29.2,63,43,43,18,1.73,399,8,1,Success,Price,dynamic_batch
924b4e0a-edc9-4b64-90b3-196980417c5b,2026-02-26T12:32:38.719329,https://www.atiim.com,3000,4,225,208,56.25,52.0,60,59,49,43,1.08,433,2,0,Failure,Timing,dynamic_batch
ecf74be2-a7ff-4aef-b009-e94fd38574b9,2026-02-26T12:32:49.624052,https://www.attunemen.com,3000,5,397,174,79.4,34.8,91,48,62,24,2.28,571,8,1,Success,Integration,dynamic_batch
222da622-344d-45a2-9ffc-af990e38b9d3,2026-02-26T12:33:02.403711,https://www.augury.com,3000,4,208,244,52.0,61.0,59,71,48,49,0.85,452,4,0,Failure,Price,dynamic_batch
0e0ac228-8609-431d-8f1a-0129625727d4,2026-02-26T12:33:08.774072,https://www.autodesk.com,210,4,219,199,54.75,49.75,62,58,49,44,1.1,418,4,0,Failure,Timing,dynamic_batch
3d536743-08eb-44c5-b8cd-6b09f0d8086f,2026-02-26T12:33:19.140808,https://www.avanan.com,3000,4,216,200,54.0,50.0,56,66,52,41,1.08,416,4,0,Failure,Competitors,dynamic_batch
4bc3ccd9-9e6f-4a49-9004-1a78eec97bfb,2026-02-26T12:33:27.219029,https://www.avepoint.com,3000,4,213,190,53.25,47.5,59,72,44,26,1.12,403,2,0,Failure,Competitors,dynamic_batch
b6b72d5b-6068-4194-9656-f6f5252c0da4,2026-02-26T12:33:34.123824,https://www.awingu.com,3000,4,183,240,45.75,60.0,66,76,30,39,0.76,423,4,0,Failure,Budget/Timing,dynamic_batch
f24b70fc-a9d7-4bc6-bae4-1326913a2ee2,2026-02-26T12:33:41.071430,https://www.aximetria.com,86,4,202,143,50.5,35.75,63,44,40,28,1.41,345,8,1,Success,Integration,dynamic_batch
8798e766-5a8a-4eb9-b293-6f6999b895e6,2026-02-26T12:33:48.587001,https://www.ayehu.com,3000,4,200,210,50.0,52.5,56,65,42,34,0.95,410,4,0,Failure,Timing,dynamic_batch
86e4fa2b-b399-4071-b8c9-33ed56be2cb5,2026-02-26T12:33:55.384791,https://www.azuga.com,3000,4,265,211,66.25,52.75,77,65,56,36,1.26,476,4,0,Failure,None,dynamic_batch
a2d93b8d-d235-4e0f-875d-0534626d2bcd,2026-02-26T12:34:02.498368,https://www.basistheory.com,3000,4,262,212,65.5,53.0,79,72,50,30,1.24,474,4,0,Failure,Timing,dynamic_batch
72148f39-e73f-420c-8c38-4a15338de58b,2026-02-26T12:34:08.729542,https://www.bazaarvoice.com,3000,4,219,222,54.75,55.5,60,68,49,39,0.99,441,4,0,Failure,Timing,dynamic_batch
71da26cd-b070-4d71-86ff-b58ea35deaaa,2026-02-26T12:34:16.198645,https://www.bettercloud.com,3000,4,198,187,49.5,46.75,55,65,42,31,1.06,385,4,0,Failure,Timing,dynamic_batch
1d9113f1-6ce0-4631-965e-ea5929df0c11,2026-02-26T12:34:23.081066,https://www.bigpanda.io,3000,4,285,278,71.25,69.5,96,78,48,58,1.03,563,4,0,Failure,Budget/Authority,dynamic_batch
125b06b8-8538-490b-bc9d-4276f3855df6,2026-02-26T12:34:30.056573,https://www.bitmovin.com,58,4,245,225,61.25,56.25,80,74,46,33,1.09,470,4,0,Failure,Timing,dynamic_batch
fcd5daf6-430f-48c1-9bd5-4bfa038e843d,2026-02-26T12:34:52.002519,https://www.ably.io,3000,5,226,236,45.2,47.2,54,62,22,10,0.96,462,4,0,Failure,Price,dynamic_batch
13b9a14d-b851-4102-854a-aa0c645d6421,2026-02-26T12:34:59.852492,https://www.bearer.sh,3000,5,176,192,35.2,38.4,43,50,30,25,0.92,368,4,0,Failure,Price,dynamic_batch
2ff01481-49a6-48b2-bda5-e1c58d5f4616,2026-02-26T12:35:07.729658,https://www.chartmogul.com,3000,5,238,210,47.6,42.0,56,52,39,32,1.13,448,4,0,Failure,Price,dynamic_batch
0dd9cb54-9ca9-42fa-a5e7-3241a06ece2d,2026-02-26T12:35:18.040885,https://www.clerk.dev,3000,5,299,155,59.8,31.0,100,54,35,5,1.93,454,8,1,Success,Authority,dynamic_batch
d03f819a-4964-4e06-8c9a-df5fcc98dec8,2026-02-26T12:35:28.456863,https://www.colyseus.io,2253,4,205,249,51.25,62.25,59,74,34,48,0.82,454,4,0,Failure,Timing,dynamic_batch
079a592c-3e5d-4c3a-9080-803000a898d5,2026-02-26T12:35:38.771718,https://www.convex.dev,3000,5,237,195,47.4,39.0,61,77,36,5,1.22,432,4,0,Failure,Timing,dynamic_batch
7124330e-c98f-4afc-8ab5-0b4547a61215,2026-02-26T12:35:47.040700,https://www.dashdash.com,30,4,194,191,48.5,47.75,60,55,41,38,1.02,385,4,0,Failure,Timing,dynamic_batch
ddcc1187-2f7d-41da-88f6-49d3fd8bf5e2,2026-02-26T12:35:57.279919,https://www.deepcrawl.com,3000,4,255,198,63.75,49.5,81,56,52,36,1.29,453,4,0,Failure,Price,dynamic_batch
04e120b2-4963-4395-bdb2-ed3c1a06f97b,2026-02-26T12:36:15.727314,https://www.eventstore.com,3000,4,217,213,54.25,53.25,65,61,46,45,1.02,430,4,0,Failure,Price,dynamic_batch
c6e6c208-1443-4904-8c61-1f408301584a,2026-02-26T12:36:23.254004,https://www.fly.io,3000,5,245,222,49.0,44.4,63,61,32,19,1.1,467,4,0,Pending,Integration,dynamic_batch
da1b7ba4-e712-4dea-be59-f6fe418a8865,2026-02-26T12:36:41.663915,https://www.getsentry.com,3000,5,258,143,51.6,28.6,61,35,47,22,1.8,401,8,1,Success,Integration,dynamic_batch
a0e02fef-c6f3-4d53-a626-aaee56b9a416,2026-02-26T12:36:48.921748,https://www.glean.com,3000,4,228,186,57.0,46.5,63,55,43,30,1.23,414,4,0,Failure,Timing,dynamic_batch
df395452-1bee-462e-a139-73b911e2b45d,2026-02-26T12:37:14.373687,https://www.acumatica.com,3000,4,217,230,54.25,57.5,67,69,35,45,0.94,447,4,0,Failure,Timing,dynamic_batch
8ddebc5d-31e0-494e-9b55-6a6f7091c076,2026-02-26T12:37:25.124218,https://www.alloy.com,3000,5,297,203,59.4,40.6,69,50,50,32,1.46,500,8,1,Success,Authority,dynamic_batch
0ebda2ce-ae99-455e-b501-ed053090b063,2026-02-26T12:37:33.937534,https://www.aquasec.com,3000,4,192,191,48.0,47.75,51,52,46,44,1.01,383,4,0,Failure,Integration,dynamic_batch
7116c9a5-9574-4100-a2ce-354bf85f17e6,2026-02-26T12:39:34.257479,https://www.asapp.com,3000,4,249,156,62.25,39.0,70,57,49,26,1.6,405,5,0,Pending,Unknown,dynamic_batch
901570f2-c887-4a15-aec0-609ce9935365,2026-02-26T12:45:22.045280,https://www.census.com,493,4,214,226,53.5,56.5,59,72,42,35,0.95,440,5,0,Pending,Unknown,dynamic_batch
a20d6e2e-7159-4f1c-945e-ab8230ce64b0,2026-02-26T12:54:51.671290,https://www.dreamdata.io,3000,4,269,235,67.25,58.75,82,66,55,54,1.14,504,5,0,Pending,Unknown,dynamic_batch
dad783c0-f3b4-4fbf-af7a-fb66282f0f9c,2026-02-26T13:02:57.256664,https://www.fortifyedge.com,153,4,182,182,45.5,45.5,50,52,40,39,1.0,364,5,0,Pending,Unknown,dynamic_batch
2487b789-7db3-49b7-96c0-fcf45772ac2d,2026-02-26T13:11:01.702124,https://www.brightgauge.com,3000,3,215,265,71.67,66.25,81,86,60,52,0.81,480,3,0,Failure,Timing,dynamic_batch
31eab75d-8806-4c42-8993-cd8824cb1e0e,2026-02-26T13:11:18.110559,https://www.dataguard.com,3000,4,198,170,49.5,42.5,62,49,31,25,1.16,368,3,0,Failure,Price,dynamic_batch
4d5e26a2-4999-4f88-b113-90bfc433e481,2026-02-26T13:11:46.024111,https://www.scaleft.com,3000,4,213,196,53.25,49.0,65,68,45,22,1.09,409,2,0,Failure,Timing,dynamic_batch
0c3a34ca-f7c8-4348-9940-67646f4805fe,2026-02-26T13:12:04.071452,https://www.streamsets.com,3000,4,386,163,96.5,40.75,134,54,62,22,2.37,549,8,1,Success,Integration,dynamic_batch
cf0d1a62-4cd2-4fd8-87cb-58319e25f375,2026-02-26T13:12:20.579578,https://www.virtana.com,2474,3,213,159,71.0,53.0,82,64,57,37,1.34,372,3,0,Failure,Timing,dynamic_batch
25c57e42-5c75-484a-87b9-57ec80e1234b,2026-02-26T13:12:38.613920,https://www.vast.com,27,4,196,179,49.0,44.75,61,68,40,19,1.09,375,2,0,Failure,Authority,dynamic_batch
a4c68e1c-b655-46d4-be10-1a066a4a1ddc,2026-02-26T13:12:55.661354,https://www.quanta.com,120,5,353,191,70.6,38.2,106,54,36,5,1.85,544,8,1,Success,Competitors,dynamic_batch
239226cc-d74a-4533-90a5-df6c256ace19,2026-02-26T13:13:16.405892,https://www.zesty.io,266,4,291,223,72.75,55.75,91,65,54,50,1.3,514,2,0,Failure,Timing,dynamic_batch
d8dfe2a4-f25f-4025-b576-3a2fe59cc13b,2026-02-26T13:13:54.974469,https://www.logicmonitor.com,3000,4,243,115,60.75,28.75,75,38,42,16,2.11,358,8,1,Success,Integration,dynamic_batch
2013ecb4-f7ff-4915-95f8-f67f71035c52,2026-02-26T13:14:11.769405,https://www.albert.ai,3000,4,302,248,75.5,62.0,89,84,54,42,1.22,550,2,0,Failure,Competitors,dynamic_batch
7f0e45ca-ac7d-448d-9894-107caf456d8a,2026-02-26T13:30:25.137339,https://www.cybereason.com,3000,4,365,182,91.25,45.5,120,57,55,35,2.01,547,8,1,Success,Competitors,dynamic_batch
938c2636-714d-4785-88fd-ab1ad2699ea1,2026-02-27T23:53:20.765541,https://www.tines.io,3000,4,210,256,52.5,64.0,59,85,41,54,0.82,466,4,0,Failure,Timing,dynamic_batch
d132cebf-e06f-4e73-a633-5533d33ae5b5,2026-02-27T23:53:29.616001,https://www.martech.org,3000,4,228,233,57.0,58.25,69,75,36,41,0.98,461,4,0,Failure,Timing,dynamic_batch
ce2bb20f-a125-416a-8ec3-43e54608e8c7,2026-02-27T23:53:37.550015,https://www.sirma.com,3000,5,272,113,54.4,22.6,61,31,44,5,2.41,385,8,1,Success,Competitors,dynamic_batch
7e08c642-d30d-4a99-82ad-ec691402d279,2026-02-27T23:53:44.173890,https://www.talkpush.com,3000,5,255,221,51.0,44.2,60,56,38,24,1.15,476,4,0,Failure,Price,dynamic_batch
679e357d-682a-4d55-88d2-d38c552b4cbe,2026-02-27T23:53:51.200148,https://www.hubgets.com,3000,4,266,241,66.5,60.25,81,79,44,46,1.1,507,4,0,Failure,Price,dynamic_batch
548b7a3e-ec43-4d77-b02b-cfbdad6fe881,2026-02-27T23:53:57.599685,https://www.vonage.com,58,4,201,207,50.25,51.75,57,69,43,30,0.97,408,4,0,Failure,Timing,dynamic_batch
d0fbbda2-58cd-435e-ad14-c47591d8e1b6,2026-02-27T23:54:06.233225,https://www.sinch.com,3000,5,249,142,49.8,28.4,57,45,35,11,1.75,391,8,1,Success,Integration,dynamic_batch
c2d1d03c-648f-425e-bb9c-1c138d30dd11,2026-02-27T23:54:13.288302,https://www.messagebird.com,3000,5,322,181,64.4,36.2,83,48,48,19,1.78,503,8,1,Success,Price,dynamic_batch
f4a1736d-ecdc-4a21-b93f-4e255f49cdad,2026-02-27T23:54:20.377470,https://www.nexmo.com,58,4,322,157,80.5,39.25,105,48,60,22,2.05,479,7,1,Success,Price,dynamic_batch
30a73ce5-7dd7-45e5-abb3-79d3a3170e43,2026-02-27T23:54:27.376498,https://www.infobip.com,3000,4,196,196,49.0,49.0,54,65,40,38,1.0,392,4,0,Failure,Authority,dynamic_batch
f6644c21-774c-41ad-b749-240531e7e24c,2026-02-27T23:54:34.392159,https://www.clickatell.com,226,4,199,218,49.75,54.5,58,66,45,43,0.91,417,4,0,Failure,Authority,dynamic_batch
3450b5be-6bb2-4f46-b746-1b4bb4189f4f,2026-02-27T23:54:42.606296,https://www.twill.io,3000,4,236,203,59.0,50.75,72,60,50,35,1.16,439,4,0,Failure,Integration,dynamic_batch
657abb01-3f4d-4922-8611-c2ebe3ff9075,2026-02-27T23:54:49.734852,https://www.smartrecruiters.com,3000,4,226,222,56.5,55.5,70,83,47,38,1.02,448,4,0,Failure,Competitors,dynamic_batch
1ac75128-5091-4b9a-84ab-500f0265503e,2026-02-27T23:54:56.116151,https://www.jobvite.com,3000,4,196,186,49.0,46.5,55,56,43,30,1.05,382,4,0,Failure,Authority,dynamic_batch
45242ee2-c8b1-4933-aaea-fb55715e430f,2026-02-27T23:55:02.818262,https://www.workboard.com,2626,4,226,216,56.5,54.0,62,67,54,46,1.05,442,4,0,Failure,Price,dynamic_batch
8219b1d6-1351-4209-850a-31cab31f5ecd,2026-02-27T23:55:09.351719,https://www.15five.com,3000,5,267,159,53.4,31.8,67,42,41,23,1.68,426,8,1,Success,Integration,dynamic_batch
c4e4e84b-81b8-4d62-a23f-b06e4d3eb948,2026-02-27T23:55:16.823935,https://www.lattice.com,3000,4,212,182,53.0,45.5,64,60,42,31,1.16,394,2,0,Failure,Timing,dynamic_batch
f8845db8-cb9e-4f09-9f36-83956663658c,2026-02-27T23:55:25.248342,https://www.performyard.com,3000,4,190,173,47.5,43.25,62,68,34,27,1.1,363,4,0,Failure,Timing,dynamic_batch
695c4a0b-444e-4481-950d-af8fc3148517,2026-02-27T23:55:35.923335,https://www.reflektive.com,2786,4,279,198,69.75,49.5,95,68,51,19,1.41,477,4,0,Failure,Timing,dynamic_batch
514a3990-73d5-4aa6-b04c-47ff70c38d78,2026-02-27T23:55:45.991105,https://www.cultureamp.com,3000,4,212,188,53.0,47.0,66,54,40,43,1.13,400,4,0,Failure,Price,dynamic_batch
1b9521ce-91dc-4a70-8ccc-8ed2ef123fcd,2026-02-27T23:55:56.843275,https://www.weekdone.com,3000,4,217,214,54.25,53.5,69,60,47,38,1.01,431,4,0,Failure,Timing,dynamic_batch
9cf9defd-19b1-4ddc-955e-f76878d94cbd,2026-02-27T23:56:06.265809,https://www.humanitec.com,3000,4,215,178,53.75,44.5,60,56,47,27,1.21,393,4,0,Failure,Integration,dynamic_batch
0b959edd-c0fa-4c3e-8fb9-51d480be1444,2026-02-27T23:56:15.900223,https://www.treasy.com,3000,4,219,234,54.75,58.5,67,72,48,51,0.94,453,4,0,Failure,Integration,dynamic_batch
11dfae25-3d36-4a12-8371-51a5e4a7bc9d,2026-02-27T23:56:25.091040,https://www.hellosign.com,3000,5,190,167,38.0,33.4,52,50,30,21,1.14,357,4,0,Failure,Timing,dynamic_batch
96f05731-9b0e-49b2-8154-108ac42b0618,2026-02-27T23:56:35.242979,https://www.signnow.com,3000,4,248,243,62.0,60.75,77,80,43,34,1.02,491,4,0,Failure,Integration,dynamic_batch
dbd1f929-c60f-46cf-beeb-05e4c68d0e31,2026-02-27T23:56:45.699999,https://www.pandadoc.com,3000,4,216,217,54.0,54.25,65,58,42,45,1.0,433,4,0,Failure,Authority,dynamic_batch
74e0f0cd-2fdc-4e44-8d92-71b3840c8d4f,2026-02-27T23:56:52.484395,https://www.docusign.net,44,4,187,202,46.75,50.5,63,80,30,31,0.93,389,2,0,Failure,Competitors,dynamic_batch
08e49829-a95f-4f28-95db-983026467b83,2026-02-27T23:57:04.430487,https://www.eversign.com,3000,5,327,189,65.4,37.8,98,45,41,33,1.73,516,8,1,Success,Competitors,dynamic_batch
1810bff1-f9da-46c7-aa96-1c011cef00cc,2026-02-27T23:57:14.232752,https://www.sertifi.com,1838,4,224,218,56.0,54.5,70,66,49,39,1.03,442,4,0,Failure,Integration,dynamic_batch
0229b067-934a-415c-88fd-5e7f08e2ba3a,2026-02-27T23:57:24.834430,https://www.getaccept.com,3000,5,232,203,46.4,40.6,59,58,27,10,1.14,435,4,0,Failure,Timing,dynamic_batch
52e669f2-2bf5-4cfb-9d3b-032be6e8f19f,2026-02-27T23:57:35.023656,https://www.yousign.com,2391,4,247,228,61.75,57.0,71,73,41,36,1.08,475,4,0,Failure,Timing,dynamic_batch
10c56c3b-a801-43f8-a597-1062d85b87d3,2026-02-27T23:57:42.517360,https://www.signrequest.com,323,4,194,179,48.5,44.75,58,51,42,36,1.08,373,4,0,Failure,Price,dynamic_batch
9bf90fa7-a81c-4565-be83-2b783300aaef,2026-02-27T23:57:51.332055,https://www.ezsign.com,3000,4,191,177,47.75,44.25,53,55,39,21,1.08,368,4,0,Failure,Timing,dynamic_batch
dab033d6-b311-4327-bb38-5c6d54698273,2026-02-27T23:58:02.169789,https://www.assently.com,1720,4,213,214,53.25,53.5,60,73,42,36,1.0,427,4,0,Failure,Integration,dynamic_batch
5e2acfae-2083-4a9c-8f8c-79359271ab6f,2026-02-27T23:59:43.993827,https://www.juniper.net,3000,4,195,223,48.75,55.75,68,64,28,45,0.87,418,2,0,Failure,Authority,dynamic_batch
0a66794a-a9a3-446c-8da8-d9fcb01cbf8a,2026-02-27T23:59:50.333241,https://www.purestorage.com,3000,4,256,233,64.0,58.25,78,69,48,43,1.1,489,4,0,Failure,Timing,dynamic_batch
23942d2e-4a1e-41e2-a84a-ee2dadadf3b8,2026-02-27T23:59:57.034504,https://www.vcita.com,143,4,186,201,46.5,50.25,61,72,32,31,0.93,387,4,0,Failure,Timing,dynamic_batch
781983aa-18a5-4d60-befd-14e9e88e407a,2026-02-28T00:00:04.431515,https://www.talentsoft.com,3000,4,216,232,54.0,58.0,61,82,50,43,0.93,448,4,0,Failure,Authority,dynamic_batch
fc4ee6e5-a84b-443e-8a59-741fb72a711a,2026-02-28T00:00:11.234695,https://www.sirionlabs.com,207,4,219,212,54.75,53.0,61,70,48,42,1.03,431,4,0,Failure,Timing,dynamic_batch
9eb91bc4-532b-45ac-b8d6-a088f0442195,2026-02-28T00:00:18.439270,https://www.thoughtspot.com,3000,4,207,232,51.75,58.0,74,80,28,41,0.89,439,2,0,Failure,Timing,dynamic_batch
0a32d02e-d26a-4585-9a4f-18f9f3972753,2026-02-28T00:00:26.617977,https://www.gainsight.com,3000,5,234,217,46.8,43.4,62,58,27,30,1.08,451,4,0,Failure,Price,dynamic_batch
25619e8d-7b2d-4028-9976-d58ed381fa50,2026-02-28T00:00:33.394042,https://www.procurify.com,3000,5,274,166,54.8,33.2,76,42,24,21,1.65,440,8,1,Success,Budget/Price,dynamic_batch
936a2bea-dbd1-485a-9586-decc558114f4,2026-02-28T00:00:41.952371,https://www.skipio.com,3000,5,261,132,52.2,26.4,72,33,25,20,1.98,393,8,1,Success,Price,dynamic_batch
28a57517-c5cf-42b3-8594-a938e672dd74,2026-02-28T00:00:50.201129,https://www.groove.co,3000,4,257,226,64.25,56.5,69,82,58,26,1.14,483,4,0,Failure,Competitors,dynamic_batch
88bd95ec-8b4d-4e9a-a93e-9c7610768f6f,2026-02-28T00:01:10.052238,https://www.insightsquared.com,3000,4,268,201,67.0,50.25,73,61,56,40,1.33,469,4,0,Failure,Price,dynamic_batch
63cfe10c-84aa-4cf2-9162-a1e4be1953e1,2026-02-28T00:03:59.097386,https://www.sentinelapp.com,3000,4,278,242,69.5,60.5,90,92,50,39,1.15,520,2,0,Failure,Timing,dynamic_batch
a9278de3-20cc-4f71-84ce-0257c62c75c7,2026-02-28T00:04:17.149980,https://www.sumo.com,2188,4,261,169,65.25,42.25,72,57,54,29,1.54,430,3,0,Failure,Timing,dynamic_batch
104d797d-ac0f-45a6-aa0b-6a6796a08f84,2026-02-28T00:04:32.906565,https://www.cdata.com,58,4,256,190,64.0,47.5,79,67,47,34,1.35,446,2,0,Failure,Timing,dynamic_batch
e385952a-e46f-449d-a5f2-9db7e70687cd,2026-02-28T00:04:49.927645,https://www.keyence.com,3000,3,174,169,58.0,42.25,63,53,50,30,1.03,343,2,0,Failure,Integration,dynamic_batch
89ad03ed-dcb3-4ea0-83cf-c61ac6d7ae98,2026-02-28T00:05:06.353677,https://www.simulab.com,3000,4,249,210,62.25,52.5,72,65,52,43,1.19,459,3,0,Failure,Competitors,dynamic_batch
20dc4140-77cc-43b8-9492-957d29ea0203,2026-02-28T00:05:23.039055,https://www.syte.ai,1847,4,300,187,75.0,46.75,86,59,58,37,1.6,487,2,0,Failure,Authority,dynamic_batch
9b94e023-5a00-4a5e-8eb6-96dfd338b7f5,2026-02-28T00:05:40.452350,https://www.turbonomic.com,3000,4,319,128,79.75,32.0,96,45,58,5,2.49,447,8,1,Success,None,dynamic_batch
274edb83-36df-4044-9975-471a3d0d0894,2026-02-28T00:05:56.823445,https://www.workflowmax.com,3000,4,241,157,60.25,39.25,74,46,40,24,1.54,398,2,0,Failure,Timing,dynamic_batch
89f1915a-597b-422e-bff2-295bdbffd87b,2026-02-28T00:06:12.847454,https://www.xero.com,2825,4,406,133,101.5,33.25,137,48,61,5,3.05,539,9,1,Success,None,dynamic_batch
e0bae7d1-7f56-465d-8eb9-8a13505b3951,2026-02-28T00:06:29.777479,https://www.yugabyte.com,3000,4,213,146,53.25,36.5,66,56,35,17,1.46,359,3,0,Failure,Timing,dynamic_batch
eda62e53-6c69-4f73-a29b-81d5337cdc59,2026-02-28T00:10:38.021943,https://www.zscaler.com,3000,4,237,167,59.25,41.75,72,51,49,31,1.42,404,5,0,Pending,Unknown,dynamic_batch
87971bdb-61d4-497c-857b-78aa303218c3,2026-02-28T01:48:25.220257,https://www.aerospike.com,3000,4,257,189,64.25,47.25,79,57,54,36,1.36,446,2,0,Failure,Price,dynamic_batch
a4dbf71c-8236-4193-8023-e204b391c458,2026-02-28T01:51:26.988746,https://www.alaskaair.com,90,4,285,237,71.25,59.25,97,82,39,40,1.2,522,5,0,Pending,Unknown,dynamic_batch
e5eb7fc2-99c4-47cb-812c-c72c5e60584a,2026-02-28T02:02:28.129359,https://www.autonomy.com,553,4,211,159,52.75,39.75,68,50,47,21,1.33,370,5,0,Pending,Unknown,dynamic_batch
2c13e526-07b0-47c4-b807-2176896491af,2026-03-01T23:06:10.984339,https://www.foxpass.com,2324,6,404,163,67.33,27.17,76,34,45,19,2.48,567,8,1,Success,Authority,dynamic_batch
25e9dd50-ed33-4f14-beb3-f2e0f5e43c72,2026-03-01T23:06:19.376410,https://www.tandem.ai,3000,4,246,207,61.5,51.75,65,66,59,40,1.19,453,4,0,Failure,Price,dynamic_batch
ef73b663-4aa0-4f3d-88a6-13d96df54232,2026-03-01T23:06:27.282088,https://www.mattermost.com,3000,4,200,206,50.0,51.5,55,63,42,36,0.97,406,2,0,Failure,Timing,dynamic_batch
004c2a4d-601a-4c6c-96bc-4a5b1f9984ba,2026-03-01T23:06:35.116144,https://www.recurly.com,3000,5,290,157,58.0,31.4,65,37,52,27,1.85,447,8,1,Success,Integration,dynamic_batch
fbb09057-d6fe-4c77-b81c-24198d8b9794,2026-03-01T23:06:42.284511,https://www.provenance.org,3000,4,205,218,51.25,54.5,61,74,44,41,0.94,423,4,0,Failure,Integration/Timing,dynamic_batch
e6d293b9-6ebf-4c3d-bef4-d39708aa73dc,2026-03-01T23:06:49.769009,https://www.tiny.com,3000,4,210,198,52.5,49.5,58,62,45,37,1.06,408,4,0,Failure,Timing,dynamic_batch
a21bfb6f-1b8b-428b-b08f-f88857fca12e,2026-03-01T23:06:57.753514,https://www.moltin.com,58,4,206,192,51.5,48.0,64,65,40,31,1.07,398,2,0,Failure,Integration,dynamic_batch
00c2a130-f41a-4b65-9b8c-0a2d18c704d3,2026-03-01T23:07:06.562377,https://www.craft.co,3000,4,227,162,56.75,40.5,72,43,37,38,1.4,389,4,0,Failure,Integration,dynamic_batch
002174fd-3228-4f9b-bc9b-59d0dee1cd62,2026-03-01T23:07:13.390632,https://www.minted.com,3000,4,195,232,48.75,58.0,55,81,43,42,0.84,427,2,0,Failure,Timing,dynamic_batch
aa7136a2-d0c0-4169-8664-9aa8610d622f,2026-03-01T23:07:21.769025,https://www.pocket.com,2334,4,225,239,56.25,59.75,68,62,41,57,0.94,464,2,0,Failure,Timing,dynamic_batch
1a34ee69-1dc2-400e-8d63-3e97cacad616,2026-03-01T23:07:28.530580,https://www.hubstaff.com,3000,4,230,170,57.5,42.5,62,56,52,34,1.35,400,4,0,Failure,Authority/Timing,dynamic_batch
a639008e-b37d-4173-8d29-224c0e7beb49,2026-03-01T23:07:35.562273,https://www.sandisk.com,3000,4,223,233,55.75,58.25,70,67,30,38,0.96,456,2,0,Failure,Competitors,dynamic_batch
bd138bc0-bfef-46d8-825e-fbe85cd9ec47,2026-03-01T23:07:43.952823,https://www.zulip.com,3000,4,213,212,53.25,53.0,66,62,40,49,1.0,425,4,0,Failure,Contract/Timing,dynamic_batch
1f4d2cd2-6cea-422a-8698-e03c21c7429c,2026-03-01T23:07:52.412587,https://www.gem.com,3000,4,243,124,60.75,31.0,82,39,34,20,1.96,367,8,1,Success,Competitors,dynamic_batch
d8a96473-08d2-4a5d-8d35-5d07d24a54e5,2026-03-01T23:07:58.857167,https://www.solo.io,2016,5,296,244,59.2,48.8,78,61,25,21,1.21,540,4,0,Failure,Timing,dynamic_batch
4a8d0917-5e51-46a9-abfe-6cc64ba68407,2026-03-01T23:08:05.580336,https://www.riskified.com,58,4,191,176,47.75,44.0,62,62,28,28,1.09,367,4,0,Failure,Integration,dynamic_batch
9b328ad4-34bd-4df3-822e-89fbc1b80cd0,2026-03-01T23:08:13.696764,https://www.surepoint.com,3000,5,263,158,52.6,31.6,67,44,37,21,1.66,421,8,1,Success,Integration,dynamic_batch
3f7bba78-0542-4272-b3e2-b3f0c5430928,2026-03-01T23:08:23.494669,https://www.verygoodsecurity.com,3000,5,252,241,50.4,48.2,60,66,32,32,1.05,493,2,0,Failure,Integration,dynamic_batch
6adf9cc0-0fb1-4912-a298-d2c28f1ae847,2026-03-01T23:08:35.223252,https://www.coralogix.com,3000,4,181,181,45.25,45.25,56,55,34,26,1.0,362,4,0,Failure,Integration,dynamic_batch
a62f2ee3-04a5-4bc7-869e-88e104a822f2,2026-03-01T23:08:42.258415,https://www.sift.com,2793,4,216,207,54.0,51.75,71,71,35,28,1.04,423,4,0,Failure,Competitors,dynamic_batch
ba56de50-2c28-4f0c-9e70-cfa9a59c428c,2026-03-01T23:08:51.616426,https://www.getwisdom.com,760,4,256,249,64.0,62.25,71,67,59,57,1.03,505,4,0,Failure,Timing,dynamic_batch
14e156e3-b730-46c6-8d04-78d60d1f3e8a,2026-03-01T23:08:59.812507,https://www.talkdesk.com,3000,4,214,219,53.5,54.75,60,66,43,40,0.98,433,4,0,Failure,Integration,dynamic_batch
ad2dcd5b-0c53-4ddb-b2e6-7ee83b809090,2026-03-01T23:09:08.562854,https://www.catalyst.io,889,4,235,182,58.75,45.5,77,65,42,32,1.29,417,4,0,Failure,Price,dynamic_batch
20ac7126-ba58-4115-b13f-7f9bd0e1490d,2026-03-01T23:09:18.895033,https://www.mirantis.com,3000,4,219,227,54.75,56.75,69,66,39,40,0.96,446,4,0,Failure,Integration,dynamic_batch
04b8f814-b85f-48f4-ba0c-a9dd17b5cb46,2026-03-01T23:09:29.003579,https://www.strongdm.com,3000,5,296,172,59.2,34.4,72,44,43,26,1.72,468,8,1,Success,Authority,dynamic_batch
43faffce-ad2d-4458-8150-1aa9e2911ec3,2026-03-01T23:09:36.678119,https://www.wavefront.com,30,4,215,199,53.75,49.75,59,58,47,45,1.08,414,2,0,Failure,Timing,dynamic_batch
4a3519e4-d0ec-480d-b1a4-07fe7576deb1,2026-03-01T23:09:47.304176,https://www.samanage.com,3000,4,227,184,56.75,46.0,65,60,50,27,1.23,411,4,0,Failure,Timing,dynamic_batch
070fa25e-6fc8-4feb-8fb3-412c233c2069,2026-03-01T23:09:57.866139,https://www.namely.com,3000,5,250,251,50.0,50.2,60,65,29,40,1.0,501,4,0,Failure,Timing,dynamic_batch
808c71d4-a61d-4d67-9976-59b12813ad9b,2026-03-01T23:10:08.549877,https://www.sailpoint.com,3000,4,238,211,59.5,52.75,71,73,53,40,1.13,449,4,0,Failure,Timing,dynamic_batch
f789d0db-ae4e-4a5c-b594-2b42850033da,2026-03-01T23:10:17.816203,https://www.instructure.com,3000,4,239,200,59.75,50.0,66,61,45,43,1.2,439,4,0,Failure,Timing,dynamic_batch
b750a92b-a0e1-4c2d-9d50-e95373474681,2026-03-01T23:10:29.055801,https://www.leanix.net,3000,5,325,147,65.0,29.4,87,36,39,25,2.21,472,8,1,Success,Integration,dynamic_batch
c7023bdf-7bbc-4785-922d-d5cb22baf307,2026-03-01T23:10:36.144706,https://www.cedexis.com,129,4,197,166,49.25,41.5,53,54,43,26,1.19,363,4,0,Failure,Timing,dynamic_batch
b7935004-5613-4382-873c-969de3592bdb,2026-03-01T23:10:46.423328,https://www.getambassador.com,3000,4,242,224,60.5,56.0,71,62,41,44,1.08,466,4,0,Failure,Competitors,dynamic_batch
2e77c531-d057-41bf-846d-795551d0d91f,2026-03-01T23:10:56.249755,https://www.vanta.com,3000,4,220,200,55.0,50.0,69,61,34,34,1.1,420,4,0,Pending,Timing,dynamic_batch
9116a09f-bc60-42cc-a201-3d05177aa975,2026-03-01T23:11:05.887905,https://www.tinybird.co,3000,4,194,180,48.5,45.0,56,63,42,27,1.08,374,2,0,Failure,Integration/Competitors,dynamic_batch
c78a0f2c-8cb0-4557-9e7c-cbd20f6ce8c0,2026-03-01T23:40:19.766179,https://www.c3.ai,3000,5,245,209,49.0,41.8,57,50,31,32,1.17,454,4,0,Failure,Integration,dynamic_batch
0675793e-363f-491c-85fc-b02f3173d63a,2026-03-01T23:40:27.140587,https://www.hashicorp.com,3000,4,218,202,54.5,50.5,65,55,41,44,1.08,420,4,0,Failure,Authority,dynamic_batch
7e000b43-ec4a-410b-a394-8b123b694387,2026-03-01T23:40:35.166207,https://www.calyptia.com,104,4,201,168,50.25,42.0,61,59,33,30,1.2,369,4,0,Failure,Integration,dynamic_batch
caf479f8-825a-48fd-90df-3f0ab1a30cbd,2026-03-01T23:40:47.492845,https://www.momentohq.com,2512,4,213,220,53.25,55.0,73,72,43,33,0.97,433,4,0,Failure,Integration,dynamic_batch
7862360e-b820-48db-a742-f3f900a060b1,2026-03-01T23:40:55.112464,https://www.puresec.io,3000,4,236,179,59.0,44.75,71,58,49,26,1.32,415,4,0,Failure,Timing,dynamic_batch
b53766ed-0536-40ae-99ac-7c6bb6995ee6,2026-03-01T23:41:02.806766,https://www.tecton.ai,3000,5,300,158,60.0,31.6,83,43,34,22,1.9,458,8,1,Success,Price,dynamic_batch
6daa4744-ce0d-4c5d-bb32-1d559915529c,2026-03-01T23:41:13.315865,https://www.streamlit.io,3000,4,235,218,58.75,54.5,69,73,48,35,1.08,453,4,0,Failure,Competitors,dynamic_batch
e0d6da45-f010-4cfe-854c-23d36bd36d98,2026-03-01T23:41:19.566133,https://www.primer.ai,754,5,183,171,36.6,34.2,44,45,21,25,1.07,354,4,0,Failure,Integration,dynamic_batch
3c3e4a6d-5e96-46e0-b69e-8993c0bd6015,2026-03-01T23:41:27.120464,https://www.rapid7.com,3000,4,240,252,60.0,63.0,66,83,49,45,0.95,492,4,0,Failure,Authority,dynamic_batch
c648d801-431f-40b7-8e6f-e0dbe5aeb829,2026-03-01T23:41:33.690159,https://www.census.dev,86,4,199,238,49.75,59.5,58,74,38,47,0.84,437,4,0,Failure,Competitors,dynamic_batch
6a0b4539-77a5-424e-ad78-a4a71c8ca675,2026-03-01T23:41:40.199999,https://www.splashtop.com,3000,4,176,178,44.0,44.5,48,58,34,30,0.99,354,4,0,Failure,Competitors,dynamic_batch
ca0985a4-dcd6-42a4-9a04-7efe7b65d0d7,2026-03-01T23:41:46.353830,https://www.jamf.com,2947,4,253,259,63.25,64.75,76,84,41,43,0.98,512,2,0,Failure,Price,dynamic_batch
40fd9723-0bd6-409e-91a4-8f0d68b71473,2026-03-01T23:46:57.382520,https://www.flow.ai,17,3,156,148,52.0,49.33,70,67,37,26,1.05,304,2,0,Failure,Competitors,dynamic_batch
51d7710d-5474-49cd-bc2c-b346ea68c86d,2026-03-01T23:47:14.016349,https://www.taskhuman.com,59,4,275,197,68.75,49.25,85,66,45,28,1.4,472,2,0,Failure,Timing,dynamic_batch
9a8ba627-9280-4d4c-aca6-19f9387b2444,2026-03-01T23:47:33.777325,https://www.opendoor.com,775,4,249,187,62.25,46.75,82,56,29,42,1.33,436,2,0,Failure,Competitors,dynamic_batch
8385d211-a27f-4f6d-87ed-af71d264689c,2026-03-01T23:47:49.180241,https://www.nimble.com,58,4,215,169,53.75,42.25,66,55,42,32,1.27,384,2,0,Failure,Timing,dynamic_batch
967d47d5-68ff-43d1-94ff-e2e360c38a94,2026-03-01T23:48:05.616340,https://www.brightfunnel.com,14,4,228,210,57.0,52.5,64,65,47,34,1.09,438,2,0,Failure,Timing,dynamic_batch
70295bb8-9824-4eec-b8ed-3830a70cb9c7,2026-03-01T23:48:27.444577,https://www.cloudbolt.io,3000,3,136,155,45.33,38.75,54,60,36,19,0.88,291,3,0,Failure,Timing,dynamic_batch
d7a84225-9172-4c0a-9166-24bac9416a5e,2026-03-01T23:48:57.552051,https://www.syncsort.com,2203,5,313,111,62.6,22.2,81,39,28,5,2.82,424,8,1,Success,Price,dynamic_batch
381b11aa-0681-4405-89ce-e9ec23ec86c3,2026-03-01T23:49:15.528286,https://www.optimizely.com,3000,4,234,173,58.5,43.25,73,53,47,32,1.35,407,3,0,Failure,Timing,dynamic_batch
e6e8048c-1635-459b-995b-e948dde64957,2026-03-01T23:49:31.565943,https://www.cloudbees.com,3000,4,235,190,58.75,47.5,68,56,53,36,1.24,425,2,0,Failure,Timing,dynamic_batch
d1f95e47-966a-40d5-91e9-8c6045217629,2026-03-01T23:49:51.136863,https://www.synaptiq.com,2170,4,197,205,49.25,51.25,64,67,34,33,0.96,402,3,0,Failure,Timing,dynamic_batch
7ce8b705-5af0-481b-82d6-c02f8d0e178b,2026-03-01T23:52:04.770207,https://www.cognito.com,959,4,233,232,58.25,58.0,87,78,8,38,1.0,465,5,0,Pending,Unknown,dynamic_batch
